都道府県名,最寄駅：距離（分）,取引価格（総額）,面積（㎡）,用途,建ぺい率（％）,容積率（％）,取引時点
沖縄県,13,16000000,70,住宅,60.0,200.0,2007年第１四半期
沖縄県,13,17000000,230,住宅,50.0,100.0,2007年第２四半期
沖縄県,7,6700000,50,住宅,80.0,400.0,2007年第２四半期
沖縄県,6,10000000,45,住宅,60.0,200.0,2007年第２四半期
沖縄県,7,55000000,185,住宅,50.0,100.0,2007年第２四半期
沖縄県,9,3800000,20,住宅,80.0,400.0,2007年第２四半期
沖縄県,13,14000000,65,住宅,50.0,100.0,2007年第２四半期
沖縄県,9,14000000,95,住宅,80.0,400.0,2007年第２四半期
沖縄県,13,11000000,80,住宅,80.0,300.0,2007年第２四半期
沖縄県,26,11000000,65,住宅,60.0,200.0,2007年第２四半期
沖縄県,4,17000000,55,住宅,50.0,100.0,2007年第２四半期
沖縄県,26,19000000,70,住宅,60.0,200.0,2007年第２四半期
沖縄県,6,100000000,290,住宅、事務所、倉庫,60.0,200.0,2007年第２四半期
沖縄県,15,15000000,70,住宅,60.0,200.0,2007年第２四半期
沖縄県,5,31000000,90,住宅,80.0,300.0,2007年第２四半期
沖縄県,9,82000000,160,住宅、事務所,80.0,400.0,2007年第２四半期
沖縄県,6,5800000,50,住宅,80.0,400.0,2007年第２四半期
沖縄県,8,60000000,125,住宅、共同住宅、店舗,60.0,200.0,2007年第２四半期
沖縄県,7,88000000,310,住宅,60.0,200.0,2007年第２四半期
沖縄県,3,7000000,100,住宅,80.0,400.0,2007年第２四半期
沖縄県,4,10000000,40,住宅,80.0,600.0,2007年第２四半期
沖縄県,3,100000000,195,共同住宅,80.0,400.0,2007年第２四半期
沖縄県,25,6900000,50,住宅,60.0,200.0,2007年第３四半期
沖縄県,8,12000000,60,住宅,80.0,400.0,2007年第３四半期
沖縄県,15,36000000,75,住宅,60.0,200.0,2007年第３四半期
沖縄県,4,15000000,65,住宅,80.0,200.0,2007年第３四半期
沖縄県,10,25000000,135,住宅,50.0,100.0,2007年第３四半期
沖縄県,13,22000000,85,住宅,80.0,400.0,2007年第３四半期
沖縄県,28,17000000,155,住宅,50.0,100.0,2007年第３四半期
沖縄県,5,34000000,280,住宅,40.0,80.0,2007年第３四半期
沖縄県,8,9800000,85,住宅,80.0,400.0,2007年第３四半期
沖縄県,8,6000000,70,住宅,60.0,200.0,2007年第３四半期
沖縄県,11,14000000,60,住宅,80.0,400.0,2007年第３四半期
沖縄県,3,71000000,175,共同住宅、店舗,80.0,400.0,2007年第３四半期
沖縄県,7,11000000,65,住宅,80.0,300.0,2007年第３四半期
沖縄県,12,11000000,70,住宅,60.0,200.0,2007年第３四半期
沖縄県,8,11000000,60,住宅,80.0,600.0,2007年第３四半期
沖縄県,7,11000000,60,住宅,60.0,200.0,2007年第３四半期
沖縄県,3,39000000,210,住宅、店舗,60.0,200.0,2007年第４四半期
沖縄県,9,39000000,500,住宅,60.0,200.0,2007年第４四半期
沖縄県,13,18000000,150,住宅,50.0,100.0,2007年第４四半期
沖縄県,10,7000000,50,住宅,50.0,100.0,2007年第４四半期
沖縄県,4,850000000,860,住宅、倉庫、店舗,80.0,500.0,2007年第４四半期
沖縄県,5,39000000,95,住宅,80.0,300.0,2007年第４四半期
沖縄県,14,30000000,80,住宅,80.0,300.0,2007年第４四半期
沖縄県,4,210000000,990,住宅,60.0,200.0,2007年第４四半期
沖縄県,14,17000000,165,住宅,60.0,200.0,2007年第４四半期
沖縄県,4,63000000,145,住宅、事務所、店舗,80.0,400.0,2007年第４四半期
沖縄県,8,6000000,45,住宅,50.0,100.0,2007年第４四半期
沖縄県,2,73000000,130,住宅、店舗,80.0,400.0,2007年第４四半期
沖縄県,11,20000000,125,住宅,50.0,100.0,2007年第４四半期
沖縄県,11,19000000,90,住宅,60.0,200.0,2007年第４四半期
沖縄県,5,14000000,65,住宅,60.0,200.0,2007年第４四半期
沖縄県,8,17000000,70,住宅,80.0,400.0,2007年第４四半期
沖縄県,6,66000000,65,住宅、店舗,80.0,400.0,2007年第４四半期
沖縄県,28,5500000,40,住宅,80.0,400.0,2007年第４四半期
沖縄県,20,40000000,145,共同住宅,60.0,200.0,2008年第１四半期
沖縄県,6,45000000,160,共同住宅、店舗,80.0,400.0,2008年第１四半期
沖縄県,3,26000000,95,住宅,50.0,100.0,2008年第１四半期
沖縄県,9,18000000,170,住宅,60.0,200.0,2008年第１四半期
沖縄県,7,77000000,200,共同住宅,60.0,200.0,2008年第１四半期
沖縄県,12,14000000,60,住宅,80.0,400.0,2008年第１四半期
沖縄県,2,25000000,140,住宅,80.0,400.0,2008年第１四半期
沖縄県,7,26000000,220,住宅、店舗,80.0,200.0,2008年第１四半期
沖縄県,10,28000000,140,住宅,60.0,200.0,2008年第１四半期
沖縄県,18,35000000,160,共同住宅,60.0,200.0,2008年第１四半期
沖縄県,7,22000000,95,住宅,60.0,200.0,2008年第１四半期
沖縄県,3,28000000,230,住宅,80.0,400.0,2008年第１四半期
沖縄県,7,24000000,85,住宅,60.0,200.0,2008年第１四半期
沖縄県,6,38000000,75,住宅,60.0,200.0,2008年第１四半期
沖縄県,7,5000000,45,住宅,60.0,200.0,2008年第１四半期
沖縄県,10,25000000,75,住宅,80.0,400.0,2008年第１四半期
沖縄県,16,6500000,65,住宅,60.0,200.0,2008年第１四半期
沖縄県,13,19000000,60,住宅,80.0,400.0,2008年第２四半期
沖縄県,13,28000000,70,住宅,60.0,200.0,2008年第２四半期
沖縄県,23,19000000,75,住宅,60.0,200.0,2008年第２四半期
沖縄県,8,10000000,65,住宅,80.0,400.0,2008年第２四半期
沖縄県,5,14000000,65,住宅,80.0,400.0,2008年第２四半期
沖縄県,11,20000000,210,住宅,60.0,200.0,2008年第２四半期
沖縄県,13,5800000,45,住宅,60.0,200.0,2008年第２四半期
沖縄県,14,11000000,60,住宅,80.0,300.0,2008年第２四半期
沖縄県,4,7000000,50,住宅,80.0,400.0,2008年第２四半期
沖縄県,4,680000,40,住宅,80.0,400.0,2008年第２四半期
沖縄県,16,25000000,80,住宅,60.0,200.0,2008年第２四半期
沖縄県,1,14000000,50,住宅,80.0,400.0,2008年第２四半期
沖縄県,15,7500000,95,住宅,80.0,300.0,2008年第２四半期
沖縄県,7,16000000,65,住宅,60.0,200.0,2008年第２四半期
沖縄県,6,58000000,175,住宅、店舗,50.0,100.0,2008年第２四半期
沖縄県,6,4000000,40,住宅,50.0,100.0,2008年第２四半期
沖縄県,5,170000000,560,共同住宅,60.0,200.0,2008年第２四半期
沖縄県,4,14000000,55,住宅,80.0,400.0,2008年第２四半期
沖縄県,7,10000000,220,住宅,50.0,100.0,2008年第２四半期
沖縄県,14,8100000,80,住宅,80.0,300.0,2008年第２四半期
沖縄県,12,13000000,40,住宅,40.0,80.0,2008年第２四半期
沖縄県,4,7300000,40,住宅,80.0,400.0,2008年第３四半期
沖縄県,4,39000000,280,共同住宅,50.0,100.0,2008年第３四半期
沖縄県,18,44000000,105,住宅,60.0,200.0,2008年第３四半期
沖縄県,15,39000000,150,住宅,50.0,150.0,2008年第３四半期
沖縄県,5,33000000,90,住宅,80.0,300.0,2008年第３四半期
沖縄県,18,30000000,85,住宅,60.0,200.0,2008年第３四半期
沖縄県,6,31000000,75,住宅,80.0,400.0,2008年第３四半期
沖縄県,2,23000000,85,住宅,80.0,200.0,2008年第３四半期
沖縄県,6,58000000,170,共同住宅,60.0,300.0,2008年第３四半期
沖縄県,15,11000000,165,住宅,50.0,100.0,2008年第３四半期
沖縄県,14,18000000,115,共同住宅,80.0,400.0,2008年第３四半期
沖縄県,6,45000000,120,住宅、店舗,80.0,400.0,2008年第３四半期
沖縄県,13,26000000,280,住宅、店舗,50.0,100.0,2008年第３四半期
沖縄県,2,34000000,165,共同住宅、店舗,60.0,200.0,2008年第３四半期
沖縄県,16,1700000,15,住宅,60.0,200.0,2008年第３四半期
沖縄県,16,7500000,75,住宅,60.0,200.0,2008年第３四半期
沖縄県,10,3000000,60,住宅,80.0,400.0,2008年第３四半期
沖縄県,10,12000000,70,住宅,80.0,400.0,2008年第３四半期
沖縄県,8,11000000,100,住宅,80.0,400.0,2008年第３四半期
沖縄県,4,16000000,65,住宅,80.0,400.0,2008年第３四半期
沖縄県,8,16000000,100,住宅,80.0,400.0,2008年第４四半期
沖縄県,4,39000000,55,住宅、共同住宅,60.0,200.0,2008年第４四半期
沖縄県,25,8000000,60,住宅,80.0,400.0,2008年第４四半期
沖縄県,9,29000000,115,住宅,50.0,150.0,2008年第４四半期
沖縄県,19,53000000,180,住宅,50.0,150.0,2008年第４四半期
沖縄県,23,23000000,75,住宅,60.0,200.0,2008年第４四半期
沖縄県,8,19000000,85,住宅,80.0,400.0,2008年第４四半期
沖縄県,3,43000000,150,住宅、事務所,80.0,400.0,2008年第４四半期
沖縄県,11,21000000,105,住宅、店舗,60.0,200.0,2008年第４四半期
沖縄県,4,72000000,115,住宅、事務所、店舗,60.0,200.0,2008年第４四半期
沖縄県,5,15000000,70,住宅,50.0,100.0,2008年第４四半期
沖縄県,12,14000000,65,住宅,80.0,400.0,2008年第４四半期
沖縄県,7,8400000,65,住宅,60.0,200.0,2008年第４四半期
沖縄県,6,3000000,35,住宅,60.0,200.0,2008年第４四半期
沖縄県,7,5000000,45,住宅,80.0,400.0,2008年第４四半期
沖縄県,2,100000000,165,共同住宅、事務所、店舗,80.0,400.0,2008年第４四半期
沖縄県,15,10000000,60,住宅,80.0,300.0,2008年第４四半期
沖縄県,4,20000000,135,住宅,50.0,100.0,2008年第４四半期
沖縄県,20,42000000,160,住宅,60.0,200.0,2008年第４四半期
沖縄県,5,31000000,220,住宅,40.0,80.0,2008年第４四半期
沖縄県,9,4100000,30,住宅,80.0,400.0,2008年第４四半期
沖縄県,16,8600000,55,住宅,50.0,100.0,2008年第４四半期
沖縄県,8,66000000,115,住宅、店舗,60.0,200.0,2009年第１四半期
沖縄県,8,22000000,130,共同住宅、事務所,80.0,400.0,2009年第１四半期
沖縄県,8,23000000,110,住宅、店舗,80.0,400.0,2009年第１四半期
沖縄県,7,23000000,95,住宅、事務所,50.0,150.0,2009年第１四半期
沖縄県,14,39000000,290,住宅,60.0,200.0,2009年第１四半期
沖縄県,6,62000000,350,住宅,60.0,200.0,2009年第１四半期
沖縄県,7,14000000,85,住宅,50.0,100.0,2009年第１四半期
沖縄県,15,11000000,165,住宅,50.0,100.0,2009年第１四半期
沖縄県,14,16000000,80,住宅,60.0,200.0,2009年第１四半期
沖縄県,7,4400000,50,住宅,80.0,400.0,2009年第１四半期
沖縄県,19,120000000,170,共同住宅、事務所,80.0,300.0,2009年第１四半期
沖縄県,4,17000000,75,住宅,80.0,400.0,2009年第１四半期
沖縄県,10,71000000,220,共同住宅,50.0,100.0,2009年第１四半期
沖縄県,6,9300000,240,住宅,60.0,200.0,2009年第１四半期
沖縄県,6,29000000,75,住宅,80.0,400.0,2009年第１四半期
沖縄県,12,30000000,65,住宅,80.0,400.0,2009年第１四半期
沖縄県,25,98000000,390,共同住宅,50.0,150.0,2009年第２四半期
沖縄県,8,3000000,60,住宅,80.0,400.0,2009年第２四半期
沖縄県,13,7100000,50,住宅,60.0,200.0,2009年第２四半期
沖縄県,4,35000000,190,住宅、店舗,80.0,400.0,2009年第２四半期
沖縄県,17,15000000,65,住宅,60.0,200.0,2009年第２四半期
沖縄県,14,41000000,85,住宅,80.0,300.0,2009年第２四半期
沖縄県,9,30000000,75,住宅,80.0,300.0,2009年第２四半期
沖縄県,10,14000000,155,住宅,60.0,200.0,2009年第２四半期
沖縄県,20,37000000,80,住宅,80.0,300.0,2009年第２四半期
沖縄県,10,15000000,75,住宅,80.0,400.0,2009年第２四半期
沖縄県,10,99000000,220,共同住宅、事務所,80.0,400.0,2009年第２四半期
沖縄県,6,9700000,65,住宅,60.0,200.0,2009年第２四半期
沖縄県,4,7000000,50,住宅,80.0,400.0,2009年第２四半期
沖縄県,13,280000000,65,共同住宅,60.0,200.0,2009年第２四半期
沖縄県,4,15000000,70,住宅,80.0,400.0,2009年第２四半期
沖縄県,7,5800000,50,住宅,80.0,400.0,2009年第２四半期
沖縄県,8,16000000,85,住宅,60.0,200.0,2009年第２四半期
沖縄県,4,26000000,95,住宅,80.0,400.0,2009年第２四半期
沖縄県,8,73000000,200,住宅、共同住宅、店舗,80.0,300.0,2009年第２四半期
沖縄県,15,39000000,55,住宅,80.0,300.0,2009年第３四半期
沖縄県,3,20000000,65,住宅,60.0,200.0,2009年第３四半期
沖縄県,8,5000000,65,住宅,80.0,200.0,2009年第３四半期
沖縄県,13,26000000,75,住宅,60.0,200.0,2009年第３四半期
沖縄県,13,33000000,80,住宅,80.0,400.0,2009年第３四半期
沖縄県,9,17000000,80,住宅,60.0,200.0,2009年第３四半期
沖縄県,29,8000000,60,住宅,60.0,200.0,2009年第３四半期
沖縄県,6,34000000,90,住宅,80.0,400.0,2009年第３四半期
沖縄県,6,35000000,85,住宅,80.0,400.0,2009年第３四半期
沖縄県,6,39000000,90,住宅,80.0,400.0,2009年第３四半期
沖縄県,6,36000000,95,住宅,80.0,400.0,2009年第３四半期
沖縄県,6,38000000,95,住宅,80.0,400.0,2009年第３四半期
沖縄県,6,36000000,75,住宅,80.0,400.0,2009年第３四半期
沖縄県,6,37000000,90,住宅,80.0,400.0,2009年第３四半期
沖縄県,6,15000000,65,住宅,60.0,200.0,2009年第３四半期
沖縄県,5,24000000,85,住宅,60.0,200.0,2009年第３四半期
沖縄県,13,26000000,105,共同住宅,60.0,200.0,2009年第３四半期
沖縄県,11,16000000,75,住宅,80.0,400.0,2009年第３四半期
沖縄県,6,24000000,140,住宅,60.0,200.0,2009年第３四半期
沖縄県,1,19000000,70,住宅,80.0,300.0,2009年第３四半期
沖縄県,16,8000000,75,住宅,60.0,200.0,2009年第３四半期
沖縄県,4,31000000,200,住宅、事務所,50.0,100.0,2009年第３四半期
沖縄県,7,110000000,410,共同住宅,50.0,150.0,2009年第３四半期
沖縄県,5,11000000,45,住宅、事務所,60.0,200.0,2009年第３四半期
沖縄県,10,27000000,165,共同住宅,50.0,100.0,2009年第３四半期
沖縄県,6,14000000,95,住宅,60.0,300.0,2009年第３四半期
沖縄県,5,36000000,130,共同住宅、事務所,60.0,200.0,2009年第３四半期
沖縄県,4,59000000,155,住宅、共同住宅、店舗,60.0,300.0,2009年第３四半期
沖縄県,11,350000000,740,住宅,80.0,400.0,2009年第３四半期
沖縄県,6,32000000,85,住宅,80.0,400.0,2009年第４四半期
沖縄県,6,25000000,80,住宅,80.0,400.0,2009年第４四半期
沖縄県,4,16000000,70,住宅、店舗,80.0,400.0,2009年第４四半期
沖縄県,5,16000000,60,住宅,60.0,200.0,2009年第４四半期
沖縄県,1,150000000,85,住宅、事務所、店舗,80.0,500.0,2009年第４四半期
沖縄県,1,14000000,60,住宅,80.0,400.0,2009年第４四半期
沖縄県,6,12000000,70,住宅,80.0,400.0,2009年第４四半期
沖縄県,6,40000000,95,住宅,80.0,400.0,2009年第４四半期
沖縄県,8,30000000,105,住宅、店舗,80.0,400.0,2009年第４四半期
沖縄県,22,16000000,130,住宅,60.0,200.0,2009年第４四半期
沖縄県,14,31000000,70,住宅,80.0,300.0,2009年第４四半期
沖縄県,17,36000000,175,住宅,50.0,80.0,2009年第４四半期
沖縄県,9,11000000,75,住宅,60.0,200.0,2009年第４四半期
沖縄県,9,24000000,80,住宅,60.0,200.0,2009年第４四半期
沖縄県,4,10000000,140,住宅,60.0,300.0,2009年第４四半期
沖縄県,9,18000000,65,住宅,80.0,400.0,2009年第４四半期
沖縄県,4,14000000,65,住宅,80.0,400.0,2009年第４四半期
沖縄県,9,21000000,75,住宅,80.0,400.0,2009年第４四半期
沖縄県,13,25000000,155,住宅,50.0,100.0,2009年第４四半期
沖縄県,24,19000000,165,住宅,60.0,200.0,2009年第４四半期
沖縄県,6,14000000,310,住宅,50.0,100.0,2009年第４四半期
沖縄県,4,35000000,220,住宅,50.0,150.0,2009年第４四半期
沖縄県,1,40000000,110,共同住宅、事務所,80.0,400.0,2010年第１四半期
沖縄県,23,65000000,350,住宅,50.0,150.0,2010年第１四半期
沖縄県,5,7500000,55,住宅,80.0,400.0,2010年第１四半期
沖縄県,13,39000000,115,共同住宅,80.0,400.0,2010年第１四半期
沖縄県,3,61000000,155,住宅,80.0,400.0,2010年第１四半期
沖縄県,15,15000000,60,住宅,60.0,200.0,2010年第１四半期
沖縄県,11,11000000,65,住宅,80.0,400.0,2010年第１四半期
沖縄県,10,650000,50,住宅,50.0,100.0,2010年第１四半期
沖縄県,5,30000000,220,共同住宅,60.0,200.0,2010年第１四半期
沖縄県,8,130000000,480,共同住宅,50.0,150.0,2010年第１四半期
沖縄県,6,180000000,350,住宅、店舗,80.0,400.0,2010年第１四半期
沖縄県,20,27000000,220,住宅、店舗,60.0,200.0,2010年第１四半期
沖縄県,21,9500000,75,住宅,60.0,200.0,2010年第１四半期
沖縄県,8,8500000,70,住宅,60.0,200.0,2010年第１四半期
沖縄県,7,5300000,35,住宅,80.0,400.0,2010年第１四半期
沖縄県,13,44000000,115,共同住宅,60.0,200.0,2010年第１四半期
沖縄県,6,12000000,100,住宅,40.0,80.0,2010年第１四半期
沖縄県,10,25000000,70,住宅,80.0,400.0,2010年第１四半期
沖縄県,7,21000000,145,住宅,50.0,100.0,2010年第１四半期
沖縄県,9,48000000,165,共同住宅、店舗,80.0,400.0,2010年第１四半期
沖縄県,12,7800000,60,住宅,80.0,400.0,2010年第１四半期
沖縄県,18,22000000,250,住宅,60.0,200.0,2010年第１四半期
沖縄県,19,4200000,55,住宅,60.0,200.0,2010年第２四半期
沖縄県,15,28000000,340,住宅,60.0,200.0,2010年第２四半期
沖縄県,5,110000000,470,共同住宅、事務所,80.0,400.0,2010年第２四半期
沖縄県,9,11000000,55,住宅,80.0,400.0,2010年第２四半期
沖縄県,12,26000000,70,住宅,60.0,200.0,2010年第２四半期
沖縄県,10,13000000,65,住宅,80.0,400.0,2010年第２四半期
沖縄県,10,29000000,85,住宅,60.0,200.0,2010年第２四半期
沖縄県,8,25000000,95,住宅,60.0,200.0,2010年第２四半期
沖縄県,10,6800000,50,住宅,80.0,400.0,2010年第２四半期
沖縄県,5,50000000,115,共同住宅、事務所,60.0,200.0,2010年第２四半期
沖縄県,6,20000000,75,住宅,80.0,400.0,2010年第２四半期
沖縄県,13,21000000,100,住宅,50.0,100.0,2010年第２四半期
沖縄県,29,23000000,200,住宅,60.0,200.0,2010年第２四半期
沖縄県,3,25000000,230,住宅,80.0,400.0,2010年第２四半期
沖縄県,5,28000000,230,住宅,50.0,100.0,2010年第２四半期
沖縄県,18,11000000,210,住宅,50.0,100.0,2010年第２四半期
沖縄県,5,6000000,45,住宅,80.0,500.0,2010年第２四半期
沖縄県,10,75000000,195,共同住宅、店舗,60.0,200.0,2010年第２四半期
沖縄県,14,5100000,65,住宅,50.0,100.0,2010年第２四半期
沖縄県,13,25000000,320,住宅,50.0,100.0,2010年第２四半期
沖縄県,12,9200000,65,住宅,60.0,200.0,2010年第２四半期
沖縄県,16,5400000,65,住宅,50.0,100.0,2010年第２四半期
沖縄県,18,45000000,360,住宅、事務所、店舗,60.0,200.0,2010年第３四半期
沖縄県,5,15000000,65,住宅,80.0,400.0,2010年第３四半期
沖縄県,1,42000000,250,住宅,80.0,400.0,2010年第３四半期
沖縄県,4,27000000,140,住宅,60.0,200.0,2010年第３四半期
沖縄県,2,48000000,195,住宅、事務所、倉庫、店舗,80.0,600.0,2010年第３四半期
沖縄県,24,26000000,220,住宅,60.0,200.0,2010年第３四半期
沖縄県,10,3900000,20,住宅,80.0,400.0,2010年第３四半期
沖縄県,13,48000000,30,住宅,60.0,200.0,2010年第３四半期
沖縄県,8,16000000,65,住宅,60.0,200.0,2010年第３四半期
沖縄県,11,27000000,170,共同住宅,60.0,200.0,2010年第３四半期
沖縄県,15,24000000,350,住宅、事務所,50.0,100.0,2010年第３四半期
沖縄県,12,35000000,290,住宅、共同住宅,50.0,100.0,2010年第３四半期
沖縄県,13,40000000,330,共同住宅,50.0,100.0,2010年第３四半期
沖縄県,16,45000000,350,住宅、倉庫,60.0,200.0,2010年第３四半期
沖縄県,30分?60分,45000000,195,共同住宅,50.0,100.0,2010年第３四半期
沖縄県,20,33000000,380,住宅,50.0,100.0,2010年第３四半期
沖縄県,8,9000000,70,住宅,60.0,200.0,2010年第３四半期
沖縄県,9,17000000,55,住宅,80.0,400.0,2010年第３四半期
沖縄県,9,10000000,65,住宅,80.0,400.0,2010年第３四半期
沖縄県,10,7000000,40,住宅,80.0,400.0,2010年第３四半期
沖縄県,0,3500000,25,住宅,80.0,400.0,2010年第３四半期
沖縄県,17,25000000,195,住宅、倉庫、店舗,60.0,200.0,2010年第３四半期
沖縄県,6,25000000,75,住宅,80.0,400.0,2010年第３四半期
沖縄県,6,23000000,80,住宅,80.0,400.0,2010年第３四半期
沖縄県,2,46000000,190,住宅,60.0,300.0,2010年第３四半期
沖縄県,12,47000000,130,共同住宅、店舗,80.0,400.0,2010年第３四半期
沖縄県,18,200000000,1800,共同住宅,50.0,100.0,2010年第３四半期
沖縄県,14,65000000,330,住宅,50.0,150.0,2010年第３四半期
沖縄県,6,22000000,70,住宅,60.0,200.0,2010年第３四半期
沖縄県,13,50000000,55,住宅、店舗,80.0,400.0,2010年第３四半期
沖縄県,5,29000000,85,住宅,80.0,400.0,2010年第３四半期
沖縄県,8,23000000,145,共同住宅,50.0,100.0,2010年第４四半期
沖縄県,4,14000000,340,住宅,60.0,200.0,2010年第４四半期
沖縄県,20,22000000,185,住宅,60.0,200.0,2010年第４四半期
沖縄県,14,12000000,75,住宅,60.0,200.0,2010年第４四半期
沖縄県,1,24000000,125,住宅,80.0,400.0,2010年第４四半期
沖縄県,14,30000000,250,住宅,50.0,100.0,2010年第４四半期
沖縄県,9,5800000,50,住宅,50.0,100.0,2010年第４四半期
沖縄県,13,32000000,350,住宅、事務所,50.0,100.0,2010年第４四半期
沖縄県,7,70000000,270,住宅,50.0,100.0,2010年第４四半期
沖縄県,9,22000000,140,住宅,50.0,100.0,2010年第４四半期
沖縄県,5,31000000,145,住宅,30.0,80.0,2010年第４四半期
沖縄県,5,38000000,270,住宅,40.0,80.0,2010年第４四半期
沖縄県,23,25000000,60,住宅,50.0,150.0,2010年第４四半期
沖縄県,5,35000000,85,住宅,80.0,400.0,2010年第４四半期
沖縄県,15,14000000,65,住宅,80.0,400.0,2010年第４四半期
沖縄県,5,38000000,85,住宅,80.0,400.0,2010年第４四半期
沖縄県,12,25000000,155,住宅,60.0,200.0,2010年第４四半期
沖縄県,16,28000000,100,住宅,60.0,200.0,2010年第４四半期
沖縄県,12,26000000,210,住宅,60.0,200.0,2010年第４四半期
沖縄県,13,8000000,80,住宅,60.0,200.0,2010年第４四半期
沖縄県,6,44000000,95,住宅,80.0,400.0,2010年第４四半期
沖縄県,4,19000000,75,住宅,80.0,400.0,2010年第４四半期
沖縄県,1,29000000,65,住宅,80.0,500.0,2010年第４四半期
沖縄県,1,49000000,90,住宅,80.0,500.0,2010年第４四半期
沖縄県,1,19000000,50,住宅,80.0,400.0,2010年第４四半期
沖縄県,6,35000000,170,住宅,80.0,400.0,2010年第４四半期
沖縄県,10,8000000,55,住宅,60.0,200.0,2010年第４四半期
沖縄県,5,28000000,70,共同住宅,80.0,300.0,2010年第４四半期
沖縄県,3,190000000,430,住宅、事務所、駐車場,80.0,300.0,2010年第４四半期
沖縄県,14,15000000,130,住宅,60.0,400.0,2010年第４四半期
沖縄県,30分?60分,25000000,250,住宅,50.0,100.0,2010年第４四半期
沖縄県,10,5500000,20,住宅,80.0,400.0,2010年第４四半期
沖縄県,9,50000000,35,共同住宅、店舗,60.0,200.0,2011年第１四半期
沖縄県,5,15000000,65,住宅,60.0,200.0,2011年第１四半期
沖縄県,7,29000000,105,住宅,60.0,200.0,2011年第１四半期
沖縄県,1,60000000,130,住宅,80.0,500.0,2011年第１四半期
沖縄県,1,38000000,90,住宅,80.0,500.0,2011年第１四半期
沖縄県,7,14000000,75,住宅,80.0,400.0,2011年第１四半期
沖縄県,4,15000000,65,住宅,80.0,400.0,2011年第１四半期
沖縄県,13,150000000,270,共同住宅、事務所、店舗,80.0,300.0,2011年第１四半期
沖縄県,19,20000000,80,住宅,60.0,150.0,2011年第１四半期
沖縄県,30分?60分,26000000,80,住宅,50.0,100.0,2011年第１四半期
沖縄県,9,13000000,65,住宅,80.0,400.0,2011年第１四半期
沖縄県,2,39000000,110,住宅、店舗,80.0,400.0,2011年第１四半期
沖縄県,12,17000000,75,住宅,60.0,200.0,2011年第１四半期
沖縄県,26,80000000,320,住宅、共同住宅、店舗,60.0,200.0,2011年第１四半期
沖縄県,13,17000000,130,共同住宅、店舗,80.0,400.0,2011年第１四半期
沖縄県,5,39000000,90,住宅,60.0,200.0,2011年第１四半期
沖縄県,30分?60分,15000000,130,住宅,50.0,100.0,2011年第１四半期
沖縄県,19,25000000,190,住宅、共同住宅、事務所,60.0,150.0,2011年第１四半期
沖縄県,23,95000000,290,住宅、事務所、店舗,60.0,200.0,2011年第１四半期
沖縄県,19,18000000,105,住宅,50.0,100.0,2011年第１四半期
沖縄県,10,32000000,220,住宅,60.0,200.0,2011年第１四半期
沖縄県,9,88000000,790,共同住宅,50.0,100.0,2011年第１四半期
沖縄県,26,60000000,165,住宅、店舗,60.0,200.0,2011年第１四半期
沖縄県,18,20000000,105,住宅,50.0,100.0,2011年第１四半期
沖縄県,8,25000000,115,住宅,60.0,200.0,2011年第１四半期
沖縄県,5,35000000,85,住宅,80.0,300.0,2011年第１四半期
沖縄県,13,29000000,80,住宅,80.0,400.0,2011年第１四半期
沖縄県,8,77000000,220,共同住宅、店舗,80.0,400.0,2011年第２四半期
沖縄県,15,13000000,60,住宅,80.0,400.0,2011年第２四半期
沖縄県,18,26000000,85,住宅、事務所,60.0,200.0,2011年第２四半期
沖縄県,1,48000000,90,住宅,80.0,500.0,2011年第２四半期
沖縄県,4,17000000,70,住宅,80.0,400.0,2011年第２四半期
沖縄県,7,13000000,60,住宅,60.0,200.0,2011年第２四半期
沖縄県,6,43000000,190,共同住宅,80.0,400.0,2011年第２四半期
沖縄県,5,30000000,130,住宅,80.0,400.0,2011年第２四半期
沖縄県,30分?60分,52000000,410,住宅,60.0,200.0,2011年第２四半期
沖縄県,25,63000000,380,共同住宅,50.0,100.0,2011年第２四半期
沖縄県,6,37000000,90,住宅,80.0,400.0,2011年第２四半期
沖縄県,7,17000000,70,住宅,60.0,200.0,2011年第２四半期
沖縄県,1,14000000,55,住宅,80.0,400.0,2011年第２四半期
沖縄県,7,33000000,120,住宅,60.0,200.0,2011年第２四半期
沖縄県,2,15000000,60,住宅,80.0,400.0,2011年第２四半期
沖縄県,9,32000000,80,住宅,80.0,300.0,2011年第２四半期
沖縄県,2,12000000,60,住宅,80.0,400.0,2011年第２四半期
沖縄県,21,24000000,115,住宅,60.0,200.0,2011年第２四半期
沖縄県,30分?60分,11000000,65,住宅,80.0,400.0,2011年第２四半期
沖縄県,10,50000000,170,住宅、事務所,60.0,200.0,2011年第２四半期
沖縄県,7,40000000,95,住宅,80.0,400.0,2011年第２四半期
沖縄県,11,17000000,65,住宅,80.0,400.0,2011年第２四半期
沖縄県,28,95000000,290,共同住宅、店舗,80.0,300.0,2011年第２四半期
沖縄県,8,4500000,50,住宅,60.0,200.0,2011年第２四半期
沖縄県,5,19000000,100,住宅,40.0,80.0,2011年第２四半期
沖縄県,12,14000000,85,住宅,50.0,100.0,2011年第２四半期
沖縄県,30分?60分,13000000,80,住宅,50.0,100.0,2011年第２四半期
沖縄県,28,17000000,100,住宅,50.0,100.0,2011年第２四半期
沖縄県,15,20000000,70,住宅,60.0,200.0,2011年第２四半期
沖縄県,30分?60分,36000000,170,住宅,50.0,80.0,2011年第２四半期
沖縄県,3,20000000,75,住宅,80.0,400.0,2011年第３四半期
沖縄県,4,6800000,30,住宅,80.0,400.0,2011年第３四半期
沖縄県,30分?60分,12000000,90,住宅,80.0,400.0,2011年第３四半期
沖縄県,7,28000000,230,共同住宅,60.0,200.0,2011年第３四半期
沖縄県,2,30000000,120,共同住宅,60.0,200.0,2011年第３四半期
沖縄県,14,13000000,65,住宅、店舗,80.0,400.0,2011年第３四半期
沖縄県,4,13000000,65,住宅,80.0,400.0,2011年第３四半期
沖縄県,16,12000000,105,住宅,50.0,100.0,2011年第３四半期
沖縄県,5,27000000,80,住宅,80.0,400.0,2011年第３四半期
沖縄県,18,42000000,145,住宅,60.0,150.0,2011年第３四半期
沖縄県,5,40000000,150,共同住宅,60.0,300.0,2011年第３四半期
沖縄県,21,17000000,80,住宅,60.0,150.0,2011年第３四半期
沖縄県,4,20000000,150,住宅、店舗,80.0,500.0,2011年第３四半期
沖縄県,18,41000000,145,住宅,60.0,200.0,2011年第３四半期
沖縄県,25,5300000,55,住宅,60.0,150.0,2011年第３四半期
沖縄県,9,4500000,20,住宅,60.0,200.0,2011年第３四半期
沖縄県,16,39000000,80,住宅,60.0,200.0,2011年第３四半期
沖縄県,16,22000000,180,住宅、共同住宅,50.0,100.0,2011年第３四半期
沖縄県,25,5500000,100,住宅,60.0,200.0,2011年第３四半期
沖縄県,17,80000000,200,共同住宅,60.0,200.0,2011年第３四半期
沖縄県,5,30000000,100,住宅、事務所、店舗,60.0,300.0,2011年第３四半期
沖縄県,29,46000000,280,住宅、共同住宅,60.0,150.0,2011年第３四半期
沖縄県,15,26000000,70,住宅,60.0,200.0,2011年第３四半期
沖縄県,13,62000000,100,住宅,80.0,400.0,2011年第３四半期
沖縄県,15,38000000,70,住宅,80.0,300.0,2011年第３四半期
沖縄県,14,25000000,90,住宅,80.0,400.0,2011年第３四半期
沖縄県,14,27000000,70,住宅,60.0,200.0,2011年第３四半期
沖縄県,14,8000000,95,住宅,80.0,300.0,2011年第３四半期
沖縄県,19,17000000,150,住宅,60.0,200.0,2011年第３四半期
沖縄県,3,28000000,75,住宅,80.0,400.0,2011年第４四半期
沖縄県,8,12000000,85,住宅,80.0,400.0,2011年第４四半期
沖縄県,8,180000000,190,共同住宅、店舗,60.0,200.0,2011年第４四半期
沖縄県,4,41000000,200,共同住宅,60.0,200.0,2011年第４四半期
沖縄県,4,46000000,100,住宅、事務所,80.0,600.0,2011年第４四半期
沖縄県,5,37000000,100,住宅,80.0,400.0,2011年第４四半期
沖縄県,12,57000000,490,住宅、事務所,60.0,200.0,2011年第４四半期
沖縄県,8,14000000,105,共同住宅,80.0,400.0,2011年第４四半期
沖縄県,20,14000000,70,住宅,60.0,200.0,2011年第４四半期
沖縄県,4,3000000,55,住宅,60.0,200.0,2011年第４四半期
沖縄県,21,18000000,115,住宅,50.0,100.0,2011年第４四半期
沖縄県,8,130000000,450,住宅,60.0,200.0,2011年第４四半期
沖縄県,6,28000000,200,住宅,50.0,100.0,2011年第４四半期
沖縄県,8,13000000,70,住宅,80.0,400.0,2011年第４四半期
沖縄県,9,29000000,175,住宅,60.0,200.0,2011年第４四半期
沖縄県,10,11000000,55,住宅,60.0,200.0,2011年第４四半期
沖縄県,10,19000000,70,住宅,80.0,400.0,2011年第４四半期
沖縄県,9,65000000,450,共同住宅,50.0,100.0,2011年第４四半期
沖縄県,18,29000000,220,住宅,50.0,200.0,2011年第４四半期
沖縄県,12,48000000,110,住宅,60.0,200.0,2011年第４四半期
沖縄県,1,93000000,240,住宅、店舗,60.0,200.0,2011年第４四半期
沖縄県,7,9300000,50,住宅,60.0,200.0,2011年第４四半期
沖縄県,15,48000000,250,住宅,50.0,150.0,2011年第４四半期
沖縄県,15,32000000,350,住宅,60.0,200.0,2011年第４四半期
沖縄県,8,21000000,65,住宅,60.0,200.0,2011年第４四半期
沖縄県,17,3000000,40,住宅,60.0,200.0,2012年第１四半期
沖縄県,18,29000000,145,住宅,40.0,80.0,2012年第１四半期
沖縄県,13,33000000,200,住宅,50.0,100.0,2012年第１四半期
沖縄県,18,13000000,175,住宅,60.0,200.0,2012年第１四半期
沖縄県,17,10000000,60,住宅,50.0,200.0,2012年第１四半期
沖縄県,11,5000000,25,住宅,60.0,200.0,2012年第１四半期
沖縄県,11,12000000,55,住宅,60.0,200.0,2012年第１四半期
沖縄県,16,13000000,55,住宅,60.0,200.0,2012年第１四半期
沖縄県,5,34000000,85,住宅,60.0,200.0,2012年第１四半期
沖縄県,6,21000000,80,住宅,60.0,200.0,2012年第１四半期
沖縄県,11,25000000,165,住宅,50.0,100.0,2012年第１四半期
沖縄県,21,38000000,140,住宅,60.0,200.0,2012年第１四半期
沖縄県,6,17000000,65,住宅,80.0,300.0,2012年第１四半期
沖縄県,5,25000000,75,住宅,60.0,200.0,2012年第１四半期
沖縄県,10,11000000,60,住宅,80.0,400.0,2012年第１四半期
沖縄県,15,32000000,125,住宅、店舗,80.0,400.0,2012年第１四半期
沖縄県,6,17000000,70,住宅,80.0,400.0,2012年第１四半期
沖縄県,6,22000000,65,住宅,60.0,200.0,2012年第１四半期
沖縄県,5,14000000,220,住宅,60.0,200.0,2012年第１四半期
沖縄県,7,80000000,260,共同住宅、店舗,80.0,400.0,2012年第１四半期
沖縄県,6,8100000,55,住宅,80.0,400.0,2012年第１四半期
沖縄県,14,14000000,60,住宅,80.0,400.0,2012年第１四半期
沖縄県,8,49000000,170,住宅,60.0,200.0,2012年第１四半期
沖縄県,30分?60分,22000000,110,住宅,50.0,100.0,2012年第１四半期
沖縄県,20,42000000,185,住宅,60.0,200.0,2012年第１四半期
沖縄県,16,39000000,125,住宅,80.0,300.0,2012年第１四半期
沖縄県,18,25000000,185,住宅,50.0,100.0,2012年第１四半期
沖縄県,4,28000000,180,住宅、事務所、店舗,60.0,200.0,2012年第１四半期
沖縄県,1H?1H30,17000000,65,住宅,60.0,200.0,2012年第１四半期
沖縄県,7,13000000,60,住宅,60.0,200.0,2012年第１四半期
沖縄県,19,8700000,60,住宅,80.0,300.0,2012年第１四半期
沖縄県,4,9500000,45,住宅,60.0,200.0,2012年第１四半期
沖縄県,7,14000000,50,住宅,60.0,200.0,2012年第１四半期
沖縄県,22,15000000,125,住宅,60.0,200.0,2012年第１四半期
沖縄県,13,35000000,85,住宅,80.0,300.0,2012年第１四半期
沖縄県,15,42000000,260,住宅,60.0,200.0,2012年第２四半期
沖縄県,8,5000000,45,住宅,80.0,400.0,2012年第２四半期
沖縄県,18,16000000,85,住宅,60.0,200.0,2012年第２四半期
沖縄県,10,14000000,55,住宅,60.0,200.0,2012年第２四半期
沖縄県,23,15000000,60,住宅,60.0,200.0,2012年第２四半期
沖縄県,23,13000000,60,住宅,60.0,200.0,2012年第２四半期
沖縄県,13,70000000,470,住宅、共同住宅、店舗,60.0,200.0,2012年第２四半期
沖縄県,15,6900000,55,住宅,80.0,200.0,2012年第２四半期
沖縄県,5,50000000,270,共同住宅,60.0,200.0,2012年第２四半期
沖縄県,9,22000000,175,住宅,50.0,100.0,2012年第２四半期
沖縄県,10,62000000,310,住宅,50.0,100.0,2012年第２四半期
沖縄県,16,18000000,200,住宅,50.0,100.0,2012年第２四半期
沖縄県,21,46000000,230,住宅,50.0,100.0,2012年第２四半期
沖縄県,15,5000000,60,住宅,80.0,300.0,2012年第２四半期
沖縄県,14,16000000,95,住宅,80.0,400.0,2012年第２四半期
沖縄県,6,31000000,185,住宅、駐車場,80.0,400.0,2012年第２四半期
沖縄県,7,19000000,80,住宅,60.0,200.0,2012年第２四半期
沖縄県,15,15000000,65,住宅,60.0,200.0,2012年第２四半期
沖縄県,4,11000000,50,住宅,80.0,400.0,2012年第２四半期
沖縄県,21,27000000,80,住宅,60.0,200.0,2012年第２四半期
沖縄県,9,17000000,95,共同住宅、駐車場,60.0,200.0,2012年第２四半期
沖縄県,5,70000000,290,住宅、共同住宅,80.0,400.0,2012年第２四半期
沖縄県,6,7500000,55,住宅,80.0,400.0,2012年第２四半期
沖縄県,14,25000000,230,住宅,60.0,200.0,2012年第２四半期
沖縄県,11,25000000,210,住宅,60.0,200.0,2012年第２四半期
沖縄県,14,12000000,75,住宅,50.0,200.0,2012年第２四半期
沖縄県,10,11000000,55,住宅,80.0,400.0,2012年第２四半期
沖縄県,16,2400000,15,住宅,60.0,200.0,2012年第２四半期
沖縄県,11,11000000,55,住宅,80.0,400.0,2012年第２四半期
沖縄県,22,16000000,230,住宅,60.0,200.0,2012年第２四半期
沖縄県,14,77000000,380,共同住宅、事務所、駐車場,60.0,200.0,2012年第２四半期
沖縄県,2,70000000,130,住宅,80.0,500.0,2012年第２四半期
沖縄県,16,28000000,240,住宅,60.0,200.0,2012年第３四半期
沖縄県,10,5600000,50,住宅,50.0,100.0,2012年第３四半期
沖縄県,7,11000000,60,住宅,80.0,400.0,2012年第３四半期
沖縄県,14,28000000,105,住宅,50.0,100.0,2012年第３四半期
沖縄県,30分?60分,8000000,30,住宅,80.0,300.0,2012年第３四半期
沖縄県,6,20000000,70,住宅,50.0,100.0,2012年第３四半期
沖縄県,5,23000000,95,住宅,60.0,200.0,2012年第３四半期
沖縄県,5,93000000,310,住宅、共同住宅,50.0,100.0,2012年第３四半期
沖縄県,7,29000000,90,住宅,60.0,200.0,2012年第３四半期
沖縄県,17,29000000,150,住宅,60.0,200.0,2012年第３四半期
沖縄県,5,270000000,820,共同住宅,60.0,200.0,2012年第３四半期
沖縄県,6,41000000,85,住宅,80.0,400.0,2012年第３四半期
沖縄県,15,14000000,70,住宅,60.0,200.0,2012年第３四半期
沖縄県,6,35000000,90,住宅,60.0,200.0,2012年第３四半期
沖縄県,30分?60分,57000000,190,共同住宅,60.0,200.0,2012年第３四半期
沖縄県,6,38000000,125,住宅、店舗,60.0,300.0,2012年第３四半期
沖縄県,5,760000000,2000㎡以上,共同住宅、事務所、倉庫、その他,60.0,200.0,2012年第３四半期
沖縄県,9,58000000,290,住宅,80.0,400.0,2012年第３四半期
沖縄県,10,36000000,135,共同住宅、事務所,60.0,200.0,2012年第３四半期
沖縄県,14,23000000,65,住宅,80.0,300.0,2012年第３四半期
沖縄県,5,20000000,70,住宅,80.0,400.0,2012年第３四半期
沖縄県,29,16000000,65,住宅,60.0,200.0,2012年第３四半期
沖縄県,13,7000000,55,住宅,80.0,400.0,2012年第３四半期
沖縄県,9,42000000,135,住宅、共同住宅,80.0,400.0,2012年第３四半期
沖縄県,21,27000000,340,住宅、事務所,60.0,200.0,2012年第３四半期
沖縄県,4,18000000,90,住宅,80.0,400.0,2012年第３四半期
沖縄県,8,10000000,55,住宅,80.0,400.0,2012年第３四半期
沖縄県,11,16000000,75,住宅,60.0,200.0,2012年第４四半期
沖縄県,16,27000000,70,住宅,60.0,200.0,2012年第４四半期
沖縄県,14,12000000,65,住宅,60.0,200.0,2012年第４四半期
沖縄県,10,16000000,60,住宅,80.0,200.0,2012年第４四半期
沖縄県,21,150000000,730,住宅,50.0,150.0,2012年第４四半期
沖縄県,9,13000000,80,住宅,80.0,400.0,2012年第４四半期
沖縄県,14,24000000,110,住宅,50.0,100.0,2012年第４四半期
沖縄県,9,11000000,60,住宅,80.0,400.0,2012年第４四半期
沖縄県,11,18000000,140,住宅,60.0,200.0,2012年第４四半期
沖縄県,26,20000000,200,住宅,50.0,100.0,2012年第４四半期
沖縄県,12,25000000,105,住宅、店舗,80.0,400.0,2012年第４四半期
沖縄県,6,15000000,65,住宅,80.0,300.0,2012年第４四半期
沖縄県,7,19000000,85,住宅,80.0,400.0,2012年第４四半期
沖縄県,13,130000000,1700,共同住宅,50.0,100.0,2012年第４四半期
沖縄県,7,45000000,170,住宅,50.0,150.0,2012年第４四半期
沖縄県,10,14000000,65,住宅,50.0,100.0,2012年第４四半期
沖縄県,9,11000000,60,住宅,80.0,400.0,2012年第４四半期
沖縄県,5,43000000,75,住宅,80.0,400.0,2012年第４四半期
沖縄県,9,24000000,130,住宅,50.0,100.0,2012年第４四半期
沖縄県,18,14000000,155,住宅,60.0,200.0,2013年第１四半期
沖縄県,15,26000000,110,住宅,50.0,100.0,2013年第１四半期
沖縄県,7,11000000,60,住宅,80.0,300.0,2013年第１四半期
沖縄県,1,50000000,95,住宅,80.0,500.0,2013年第１四半期
沖縄県,3,6500000,55,住宅,60.0,200.0,2013年第１四半期
沖縄県,9,24000000,65,住宅,80.0,400.0,2013年第１四半期
沖縄県,18,31000000,200,住宅,50.0,100.0,2013年第１四半期
沖縄県,8,7000000,45,住宅,60.0,200.0,2013年第１四半期
沖縄県,7,6000000,40,住宅,80.0,400.0,2013年第１四半期
沖縄県,5,16000000,90,住宅,80.0,400.0,2013年第１四半期
沖縄県,15,27000000,115,住宅,50.0,100.0,2013年第１四半期
沖縄県,7,15000000,75,住宅,50.0,100.0,2013年第１四半期
沖縄県,5,38000000,470,住宅、駐車場、その他,50.0,100.0,2013年第１四半期
沖縄県,17,40000000,165,住宅,50.0,100.0,2013年第１四半期
沖縄県,19,13000000,150,住宅,50.0,100.0,2013年第１四半期
沖縄県,19,70000000,450,住宅,50.0,150.0,2013年第１四半期
沖縄県,7,35000000,70,共同住宅,80.0,400.0,2013年第１四半期
沖縄県,15,34000000,70,住宅,80.0,300.0,2013年第１四半期
沖縄県,7,140000000,630,住宅,50.0,100.0,2013年第１四半期
沖縄県,26,32000000,80,住宅,60.0,200.0,2013年第１四半期
沖縄県,10,16000000,90,住宅,60.0,150.0,2013年第１四半期
沖縄県,4,23000000,65,住宅,60.0,200.0,2013年第１四半期
沖縄県,5,38000000,135,住宅,50.0,100.0,2013年第１四半期
沖縄県,11,13000000,65,住宅,60.0,200.0,2013年第１四半期
沖縄県,19,5000000,20,住宅,60.0,200.0,2013年第１四半期
沖縄県,30分?60分,12000000,70,住宅,60.0,200.0,2013年第１四半期
沖縄県,28,40000000,350,住宅、店舗,50.0,100.0,2013年第１四半期
沖縄県,30分?60分,14000000,65,住宅,60.0,200.0,2013年第１四半期
沖縄県,11,18000000,75,住宅,80.0,400.0,2013年第１四半期
沖縄県,9,14000000,70,住宅,80.0,300.0,2013年第１四半期
沖縄県,18,11000000,105,住宅,50.0,100.0,2013年第１四半期
沖縄県,6,50000000,210,住宅,50.0,150.0,2013年第１四半期
沖縄県,2,12000000,60,住宅,80.0,400.0,2013年第１四半期
沖縄県,30分?60分,8000000,55,住宅,80.0,400.0,2013年第１四半期
沖縄県,8,40000000,230,住宅,60.0,200.0,2013年第１四半期
沖縄県,20,14000000,60,住宅,60.0,200.0,2013年第１四半期
沖縄県,11,9800000,80,住宅,80.0,300.0,2013年第１四半期
沖縄県,6,22000000,70,住宅,60.0,200.0,2013年第１四半期
沖縄県,11,10000000,45,住宅,80.0,400.0,2013年第１四半期
沖縄県,11,25000000,100,住宅,60.0,200.0,2013年第２四半期
沖縄県,3,23000000,80,住宅,80.0,400.0,2013年第２四半期
沖縄県,30分?60分,22000000,80,住宅,60.0,200.0,2013年第２四半期
沖縄県,28,15000000,70,住宅,60.0,200.0,2013年第２四半期
沖縄県,11,92000000,520,共同住宅,60.0,200.0,2013年第２四半期
沖縄県,29,6600000,40,住宅,60.0,200.0,2013年第２四半期
沖縄県,11,62000000,330,住宅、店舗,80.0,400.0,2013年第２四半期
沖縄県,24,25000000,70,住宅,60.0,200.0,2013年第２四半期
沖縄県,8,42000000,310,住宅,40.0,100.0,2013年第２四半期
沖縄県,9,12000000,60,住宅,80.0,400.0,2013年第２四半期
沖縄県,4,42000000,280,共同住宅、店舗,80.0,200.0,2013年第２四半期
沖縄県,14,27000000,70,住宅,60.0,200.0,2013年第２四半期
沖縄県,11,29000000,70,住宅,80.0,400.0,2013年第２四半期
沖縄県,11,4700000,25,住宅,60.0,200.0,2013年第２四半期
沖縄県,8,10000000,65,住宅,80.0,400.0,2013年第２四半期
沖縄県,5,37000000,180,住宅,50.0,100.0,2013年第２四半期
沖縄県,8,35000000,150,住宅、事務所,80.0,400.0,2013年第２四半期
沖縄県,10,14000000,70,住宅,80.0,400.0,2013年第２四半期
沖縄県,10,20000000,70,住宅,80.0,400.0,2013年第２四半期
沖縄県,16,110000000,210,共同住宅,60.0,200.0,2013年第２四半期
沖縄県,19,16000000,65,住宅,60.0,200.0,2013年第２四半期
沖縄県,3,110000000,480,住宅,60.0,200.0,2013年第２四半期
沖縄県,7,8000000,50,住宅,80.0,400.0,2013年第２四半期
沖縄県,14,32000000,165,住宅,60.0,200.0,2013年第２四半期
沖縄県,5,25000000,80,住宅,80.0,400.0,2013年第２四半期
沖縄県,27,15000000,65,住宅,60.0,200.0,2013年第２四半期
沖縄県,7,200000000,420,共同住宅、駐車場、店舗、その他,60.0,200.0,2013年第２四半期
沖縄県,2,19000000,60,住宅,80.0,400.0,2013年第２四半期
沖縄県,4,25000000,100,住宅、店舗,80.0,400.0,2013年第２四半期
沖縄県,5,21000000,65,住宅,80.0,400.0,2013年第２四半期
沖縄県,6,9300000,105,住宅,60.0,200.0,2013年第２四半期
沖縄県,9,9500000,50,住宅,80.0,300.0,2013年第２四半期
沖縄県,5,4200000,40,住宅,60.0,200.0,2013年第２四半期
沖縄県,3,25000000,65,住宅,60.0,200.0,2013年第２四半期
沖縄県,25,6000000,55,住宅,60.0,200.0,2013年第２四半期
沖縄県,5,23000000,65,住宅,60.0,200.0,2013年第２四半期
沖縄県,25,6800000,55,住宅,60.0,200.0,2013年第２四半期
沖縄県,21,15000000,75,住宅,60.0,200.0,2013年第２四半期
沖縄県,11,27000000,185,住宅,50.0,100.0,2013年第２四半期
沖縄県,7,10000000,280,住宅,50.0,100.0,2013年第２四半期
沖縄県,12,16000000,210,住宅,50.0,100.0,2013年第２四半期
沖縄県,18,28000000,200,住宅,50.0,100.0,2013年第２四半期
沖縄県,20,17000000,85,住宅,50.0,100.0,2013年第３四半期
沖縄県,7,8200000,90,住宅,50.0,100.0,2013年第３四半期
沖縄県,25,87000000,960,共同住宅,60.0,200.0,2013年第３四半期
沖縄県,25,23000000,120,住宅,60.0,200.0,2013年第３四半期
沖縄県,30分?60分,15000000,75,住宅,60.0,200.0,2013年第３四半期
沖縄県,17,25000000,115,住宅,50.0,100.0,2013年第３四半期
沖縄県,12,40000000,210,住宅,50.0,100.0,2013年第３四半期
沖縄県,12,51000000,160,住宅,50.0,100.0,2013年第３四半期
沖縄県,18,52000000,380,住宅、事務所、駐車場,50.0,100.0,2013年第３四半期
沖縄県,3,45000000,150,住宅,40.0,80.0,2013年第３四半期
沖縄県,20,92000000,960,住宅,50.0,100.0,2013年第３四半期
沖縄県,15,22000000,85,住宅,50.0,100.0,2013年第３四半期
沖縄県,8,30000000,250,住宅,60.0,200.0,2013年第３四半期
沖縄県,9,48000000,700,住宅,50.0,100.0,2013年第３四半期
沖縄県,8,4000000,35,住宅,80.0,400.0,2013年第３四半期
沖縄県,20,12000000,50,住宅,80.0,400.0,2013年第３四半期
沖縄県,8,9000000,65,住宅,60.0,200.0,2013年第３四半期
沖縄県,5,27000000,180,住宅、店舗,80.0,400.0,2013年第３四半期
沖縄県,6,100000000,300,住宅、その他,80.0,400.0,2013年第３四半期
沖縄県,9,8000000,50,住宅,80.0,400.0,2013年第３四半期
沖縄県,7,31000000,290,住宅,50.0,100.0,2013年第３四半期
沖縄県,1,33000000,70,住宅,80.0,400.0,2013年第３四半期
沖縄県,4,25000000,70,住宅,60.0,300.0,2013年第３四半期
沖縄県,1,20000000,65,住宅,80.0,300.0,2013年第３四半期
沖縄県,15,30000000,70,住宅,80.0,300.0,2013年第３四半期
沖縄県,12,17000000,85,住宅,50.0,100.0,2013年第３四半期
沖縄県,9,40000000,165,住宅,50.0,100.0,2013年第３四半期
沖縄県,16,39000000,280,住宅,60.0,200.0,2013年第３四半期
沖縄県,11,8500000,55,住宅,60.0,200.0,2013年第３四半期
沖縄県,5,110000000,410,共同住宅,50.0,150.0,2013年第３四半期
沖縄県,10,25000000,70,住宅,60.0,200.0,2013年第３四半期
沖縄県,9,5000000,70,住宅,80.0,300.0,2013年第３四半期
沖縄県,9,87000000,300,共同住宅,80.0,400.0,2013年第３四半期
沖縄県,28,170000000,720,共同住宅、事務所,60.0,200.0,2013年第３四半期
沖縄県,18,12000000,140,住宅,60.0,200.0,2013年第３四半期
沖縄県,6,19000000,60,住宅,60.0,200.0,2013年第３四半期
沖縄県,6,38000000,60,住宅,80.0,400.0,2013年第３四半期
沖縄県,5,17000000,110,住宅、事務所、駐車場,80.0,600.0,2013年第３四半期
沖縄県,14,38000000,190,住宅、倉庫,80.0,400.0,2013年第３四半期
沖縄県,6,37000000,120,住宅,80.0,200.0,2013年第３四半期
沖縄県,9,21000000,90,共同住宅,60.0,200.0,2013年第３四半期
沖縄県,8,17000000,85,住宅,60.0,200.0,2013年第３四半期
沖縄県,16,28000000,70,住宅,60.0,200.0,2013年第３四半期
沖縄県,30分?60分,41000000,400,住宅,50.0,100.0,2013年第３四半期
沖縄県,9,5300000,20,住宅,80.0,400.0,2013年第３四半期
沖縄県,9,3000000,20,住宅,80.0,400.0,2013年第３四半期
沖縄県,30分?60分,31000000,115,共同住宅,60.0,200.0,2013年第３四半期
沖縄県,25,9100000,60,住宅,60.0,200.0,2013年第３四半期
沖縄県,23,16000000,100,住宅,60.0,200.0,2013年第３四半期
沖縄県,15,29000000,65,住宅,80.0,400.0,2013年第３四半期
沖縄県,9,6800000,60,住宅,60.0,200.0,2013年第３四半期
沖縄県,9,12000000,60,住宅,80.0,400.0,2013年第３四半期
沖縄県,15,26000000,85,住宅,80.0,300.0,2013年第３四半期
沖縄県,14,18000000,70,住宅、店舗,80.0,300.0,2013年第３四半期
沖縄県,10,41000000,175,住宅,50.0,150.0,2013年第３四半期
沖縄県,4,40000000,150,共同住宅,50.0,150.0,2013年第３四半期
沖縄県,20,19000000,75,住宅,60.0,200.0,2013年第３四半期
沖縄県,30分?60分,26000000,130,共同住宅,60.0,200.0,2013年第４四半期
沖縄県,10,17000000,75,住宅,80.0,400.0,2013年第４四半期
沖縄県,6,65000000,210,住宅,60.0,200.0,2013年第４四半期
沖縄県,10,13000000,70,住宅,80.0,300.0,2013年第４四半期
沖縄県,16,32000000,70,住宅,60.0,200.0,2013年第４四半期
沖縄県,20,15000000,60,住宅,60.0,200.0,2013年第４四半期
沖縄県,14,13000000,125,住宅,50.0,100.0,2013年第４四半期
沖縄県,5,54000000,210,住宅,60.0,200.0,2013年第４四半期
沖縄県,14,31000000,65,住宅,80.0,300.0,2013年第４四半期
沖縄県,4,29000000,80,住宅,60.0,200.0,2013年第４四半期
沖縄県,9,13000000,70,住宅,80.0,300.0,2013年第４四半期
沖縄県,15,10000000,75,住宅,60.0,200.0,2013年第４四半期
沖縄県,27,19000000,80,住宅,60.0,200.0,2013年第４四半期
沖縄県,2,7000000,55,住宅,80.0,400.0,2013年第４四半期
沖縄県,5,12000000,65,住宅,80.0,500.0,2013年第４四半期
沖縄県,10,8000000,35,住宅,80.0,400.0,2013年第４四半期
沖縄県,2,34000000,70,住宅,80.0,400.0,2013年第４四半期
沖縄県,7,22000000,75,住宅、店舗,80.0,400.0,2013年第４四半期
沖縄県,7,17000000,70,住宅,80.0,300.0,2013年第４四半期
沖縄県,9,21000000,75,住宅,80.0,400.0,2013年第４四半期
沖縄県,8,22000000,80,住宅,80.0,400.0,2013年第４四半期
沖縄県,8,13000000,65,住宅,80.0,400.0,2013年第４四半期
沖縄県,20,120000000,310,共同住宅,60.0,200.0,2013年第４四半期
沖縄県,9,3200000,55,住宅,60.0,200.0,2013年第４四半期
沖縄県,10,20000000,80,住宅,80.0,400.0,2013年第４四半期
沖縄県,6,27000000,70,住宅,60.0,200.0,2013年第４四半期
沖縄県,17,45000000,230,住宅、共同住宅、店舗,80.0,400.0,2013年第４四半期
沖縄県,4,19000000,60,住宅,80.0,300.0,2013年第４四半期
沖縄県,30分?60分,56000000,270,住宅,50.0,100.0,2013年第４四半期
沖縄県,12,6800000,55,住宅,80.0,300.0,2013年第４四半期
沖縄県,3,3000000,55,住宅,60.0,200.0,2013年第４四半期
沖縄県,15,19000000,80,住宅,60.0,200.0,2013年第４四半期
沖縄県,18,32000000,220,住宅、駐車場,50.0,100.0,2013年第４四半期
沖縄県,6,130000000,560,共同住宅、事務所、店舗,60.0,200.0,2013年第４四半期
沖縄県,14,23000000,280,住宅,50.0,100.0,2013年第４四半期
沖縄県,3,5000000,45,住宅,60.0,200.0,2013年第４四半期
沖縄県,4,5000000,50,住宅,60.0,200.0,2013年第４四半期
沖縄県,15,24000000,70,住宅,60.0,200.0,2013年第４四半期
沖縄県,16,10000000,60,住宅,60.0,200.0,2014年第１四半期
沖縄県,12,48000000,165,共同住宅、事務所,60.0,200.0,2014年第１四半期
沖縄県,11,34000000,145,住宅,60.0,200.0,2014年第１四半期
沖縄県,9,120000000,390,共同住宅,60.0,200.0,2014年第１四半期
沖縄県,10,43000000,270,共同住宅,80.0,400.0,2014年第１四半期
沖縄県,8,19000000,70,住宅,60.0,200.0,2014年第１四半期
沖縄県,12,8500000,80,住宅,60.0,200.0,2014年第１四半期
沖縄県,26,7100000,50,住宅,60.0,200.0,2014年第１四半期
沖縄県,9,45000000,100,共同住宅、事務所,60.0,200.0,2014年第１四半期
沖縄県,6,11000000,45,住宅,60.0,200.0,2014年第１四半期
沖縄県,11,39000000,100,共同住宅、駐車場、店舗,60.0,200.0,2014年第１四半期
沖縄県,10,15000000,60,住宅,60.0,150.0,2014年第１四半期
沖縄県,7,39000000,105,住宅,80.0,400.0,2014年第１四半期
沖縄県,6,20000000,90,住宅,60.0,200.0,2014年第１四半期
沖縄県,23,3200000,20,住宅,60.0,150.0,2014年第１四半期
沖縄県,4,25000000,65,住宅,50.0,100.0,2014年第１四半期
沖縄県,9,11000000,60,住宅,80.0,400.0,2014年第１四半期
沖縄県,10,9900000,30,住宅,80.0,400.0,2014年第１四半期
沖縄県,5,12000000,50,住宅,60.0,200.0,2014年第１四半期
沖縄県,6,13000000,45,住宅,80.0,400.0,2014年第１四半期
沖縄県,14,24000000,170,住宅,50.0,100.0,2014年第１四半期
沖縄県,9,42000000,140,住宅,50.0,100.0,2014年第１四半期
沖縄県,30分?60分,20000000,180,住宅,50.0,100.0,2014年第１四半期
沖縄県,11,18000000,145,住宅,50.0,100.0,2014年第１四半期
沖縄県,1,50000000,90,住宅,80.0,500.0,2014年第１四半期
沖縄県,6,27000000,80,住宅,60.0,200.0,2014年第１四半期
沖縄県,8,85000000,360,共同住宅、店舗,60.0,200.0,2014年第１四半期
沖縄県,6,12000000,230,住宅,60.0,200.0,2014年第１四半期
沖縄県,13,34000000,80,住宅,80.0,400.0,2014年第１四半期
沖縄県,27,8000000,70,住宅,60.0,200.0,2014年第１四半期
沖縄県,8,23000000,65,住宅,80.0,400.0,2014年第１四半期
沖縄県,4,33000000,350,住宅,50.0,100.0,2014年第１四半期
沖縄県,6,26000000,70,住宅,60.0,200.0,2014年第１四半期
沖縄県,14,62000000,185,住宅、その他,60.0,200.0,2014年第１四半期
沖縄県,5,8000000,60,住宅,80.0,400.0,2014年第１四半期
沖縄県,13,59000000,95,住宅、事務所,80.0,300.0,2014年第１四半期
沖縄県,4,26000000,85,住宅,80.0,400.0,2014年第１四半期
沖縄県,20,21000000,70,住宅,80.0,300.0,2014年第１四半期
沖縄県,22,9000000,210,住宅,60.0,200.0,2014年第１四半期
沖縄県,15,30000000,70,住宅,80.0,300.0,2014年第１四半期
沖縄県,8,16000000,70,住宅,80.0,400.0,2014年第１四半期
沖縄県,6,82000000,100,住宅、駐車場,60.0,200.0,2014年第１四半期
沖縄県,25,51000000,165,住宅,50.0,150.0,2014年第１四半期
沖縄県,26,23000000,100,住宅,60.0,400.0,2014年第１四半期
沖縄県,23,25000000,320,住宅,60.0,200.0,2014年第１四半期
沖縄県,17,29000000,190,住宅,60.0,200.0,2014年第１四半期
沖縄県,2,33000000,65,住宅,80.0,500.0,2014年第２四半期
沖縄県,15,30000000,70,住宅,80.0,300.0,2014年第２四半期
沖縄県,11,35000000,180,住宅、倉庫,40.0,80.0,2014年第２四半期
沖縄県,24,11000000,120,住宅,50.0,100.0,2014年第２四半期
沖縄県,14,3000000,30,住宅,50.0,100.0,2014年第２四半期
沖縄県,12,60000000,135,住宅、店舗、その他,60.0,200.0,2014年第２四半期
沖縄県,9,14000000,55,住宅,60.0,200.0,2014年第２四半期
沖縄県,7,6000000,30,住宅,80.0,400.0,2014年第２四半期
沖縄県,16,17000000,230,住宅,50.0,100.0,2014年第２四半期
沖縄県,18,230000000,530,共同住宅、店舗,60.0,200.0,2014年第２四半期
沖縄県,10,21000000,125,住宅、駐車場,50.0,100.0,2014年第２四半期
沖縄県,30分?60分,17000000,75,住宅,60.0,200.0,2014年第２四半期
沖縄県,30分?60分,34000000,140,住宅,50.0,100.0,2014年第２四半期
沖縄県,8,16000000,135,住宅,60.0,200.0,2014年第２四半期
沖縄県,18,38000000,165,住宅,60.0,200.0,2014年第２四半期
沖縄県,16,70000000,220,住宅,50.0,150.0,2014年第２四半期
沖縄県,12,45000000,330,住宅,50.0,100.0,2014年第２四半期
沖縄県,22,69000000,310,住宅,50.0,150.0,2014年第２四半期
沖縄県,10,7500000,45,住宅,80.0,400.0,2014年第２四半期
沖縄県,8,23000000,370,住宅,60.0,200.0,2014年第２四半期
沖縄県,11,17000000,100,住宅,60.0,200.0,2014年第２四半期
沖縄県,10,28000000,165,住宅、駐車場,50.0,100.0,2014年第２四半期
沖縄県,27,17000000,90,住宅,80.0,400.0,2014年第２四半期
沖縄県,15,21000000,65,住宅,60.0,200.0,2014年第２四半期
沖縄県,14,15000000,135,住宅、店舗,60.0,200.0,2014年第２四半期
沖縄県,13,31000000,80,住宅,80.0,400.0,2014年第２四半期
沖縄県,2,100000000,230,共同住宅、店舗,80.0,200.0,2014年第２四半期
沖縄県,12,50000000,80,住宅,80.0,400.0,2014年第２四半期
沖縄県,9,5500000,20,住宅,80.0,400.0,2014年第２四半期
沖縄県,4,84000000,290,共同住宅,60.0,200.0,2014年第２四半期
沖縄県,13,37000000,70,住宅,80.0,400.0,2014年第２四半期
沖縄県,8,12000000,50,住宅,80.0,300.0,2014年第２四半期
沖縄県,10,9500000,95,住宅,60.0,200.0,2014年第２四半期
沖縄県,9,37000000,85,住宅,80.0,400.0,2014年第２四半期
沖縄県,16,17000000,130,住宅、その他,80.0,400.0,2014年第２四半期
沖縄県,15,27000000,65,住宅,80.0,300.0,2014年第２四半期
沖縄県,12,110000000,370,共同住宅,60.0,200.0,2014年第２四半期
沖縄県,4,45000000,240,共同住宅,60.0,200.0,2014年第２四半期
沖縄県,6,6800000,50,住宅,80.0,400.0,2014年第２四半期
沖縄県,15,33000000,80,住宅,60.0,200.0,2014年第２四半期
沖縄県,24,18000000,75,住宅,60.0,200.0,2014年第２四半期
沖縄県,7,6700000,155,住宅,80.0,600.0,2014年第３四半期
沖縄県,7,11000000,55,住宅,80.0,400.0,2014年第３四半期
沖縄県,5,69000000,220,住宅、その他,80.0,400.0,2014年第３四半期
沖縄県,10,26000000,75,住宅,60.0,200.0,2014年第３四半期
沖縄県,8,33000000,150,住宅,50.0,150.0,2014年第３四半期
沖縄県,5,32000000,120,住宅、店舗,60.0,200.0,2014年第３四半期
沖縄県,8,52000000,250,住宅,50.0,150.0,2014年第３四半期
沖縄県,10,140000000,155,共同住宅、店舗,80.0,400.0,2014年第３四半期
沖縄県,2,30000000,120,住宅,60.0,200.0,2014年第３四半期
沖縄県,14,14000000,80,住宅、店舗,80.0,400.0,2014年第３四半期
沖縄県,13,58000000,230,住宅,60.0,200.0,2014年第３四半期
沖縄県,8,18000000,180,住宅,60.0,200.0,2014年第３四半期
沖縄県,30分?60分,8200000,60,住宅,80.0,400.0,2014年第３四半期
沖縄県,6,190000000,550,住宅,60.0,200.0,2014年第３四半期
沖縄県,1,14000000,60,住宅,80.0,400.0,2014年第３四半期
沖縄県,30分?60分,62000000,150,共同住宅、事務所、店舗,80.0,300.0,2014年第３四半期
沖縄県,22,48000000,100,住宅,50.0,150.0,2014年第３四半期
沖縄県,13,51000000,320,共同住宅、駐車場,60.0,200.0,2014年第３四半期
沖縄県,15,32000000,70,住宅,80.0,300.0,2014年第３四半期
沖縄県,24,18000000,80,住宅,60.0,200.0,2014年第３四半期
沖縄県,30分?60分,16000000,90,住宅,60.0,200.0,2014年第３四半期
沖縄県,5,13000000,70,住宅,50.0,100.0,2014年第３四半期
沖縄県,16,24000000,70,住宅,60.0,200.0,2014年第３四半期
沖縄県,11,18000000,75,住宅,80.0,400.0,2014年第３四半期
沖縄県,6,13000000,45,住宅,60.0,200.0,2014年第３四半期
沖縄県,9,23000000,90,住宅,60.0,200.0,2014年第３四半期
沖縄県,30分?60分,21000000,95,住宅,50.0,100.0,2014年第３四半期
沖縄県,17,15000000,60,住宅,60.0,200.0,2014年第３四半期
沖縄県,16,12000000,85,住宅,60.0,200.0,2014年第３四半期
沖縄県,6,23000000,70,住宅,60.0,200.0,2014年第３四半期
沖縄県,16,3500000,25,住宅,60.0,200.0,2014年第３四半期
沖縄県,9,6200000,20,住宅,80.0,400.0,2014年第３四半期
沖縄県,14,22000000,75,住宅,60.0,200.0,2014年第３四半期
沖縄県,6,12000000,60,住宅,80.0,400.0,2014年第３四半期
沖縄県,8,19000000,70,住宅,80.0,400.0,2014年第３四半期
沖縄県,1H?1H30,19000000,65,住宅,60.0,200.0,2014年第４四半期
沖縄県,3,18000000,75,住宅,60.0,150.0,2014年第４四半期
沖縄県,3,17000000,40,住宅,80.0,400.0,2014年第４四半期
沖縄県,30分?60分,9000000,60,住宅,80.0,400.0,2014年第４四半期
沖縄県,5,43000000,85,住宅,80.0,400.0,2014年第４四半期
沖縄県,5,39000000,70,住宅,80.0,400.0,2014年第４四半期
沖縄県,9,20000000,60,住宅,80.0,400.0,2014年第４四半期
沖縄県,4,27000000,65,住宅,80.0,400.0,2014年第４四半期
沖縄県,7,120000000,660,共同住宅,60.0,200.0,2014年第４四半期
沖縄県,5,12000000,55,住宅,80.0,900.0,2014年第４四半期
沖縄県,6,22000000,65,住宅,80.0,400.0,2014年第４四半期
沖縄県,8,66000000,125,住宅、事務所,80.0,400.0,2014年第４四半期
沖縄県,5,66000000,320,共同住宅、店舗,60.0,200.0,2014年第４四半期
沖縄県,23,150000000,500,共同住宅,60.0,200.0,2014年第４四半期
沖縄県,7,40000000,160,住宅、駐車場,60.0,200.0,2014年第４四半期
沖縄県,8,31000000,190,住宅,60.0,200.0,2014年第４四半期
沖縄県,5,11000000,45,住宅,60.0,200.0,2014年第４四半期
沖縄県,6,28000000,65,住宅,60.0,200.0,2014年第４四半期
沖縄県,9,120000000,195,住宅、駐車場,60.0,200.0,2014年第４四半期
沖縄県,21,28000000,85,住宅,60.0,400.0,2014年第４四半期
沖縄県,15,68000000,330,共同住宅,50.0,100.0,2014年第４四半期
沖縄県,9,9000000,55,住宅,80.0,400.0,2015年第１四半期
沖縄県,5,27000000,70,住宅,60.0,200.0,2015年第１四半期
沖縄県,8,13000000,80,住宅,60.0,200.0,2015年第１四半期
沖縄県,13,16000000,80,住宅,60.0,200.0,2015年第１四半期
沖縄県,11,2600000,40,住宅,60.0,200.0,2015年第１四半期
沖縄県,7,20000000,40,住宅,60.0,200.0,2015年第１四半期
沖縄県,11,20000000,85,住宅,60.0,200.0,2015年第１四半期
沖縄県,20,36000000,75,住宅、駐車場,60.0,200.0,2015年第１四半期
沖縄県,9,4100000,45,住宅,60.0,200.0,2015年第１四半期
沖縄県,10,20000000,135,住宅,60.0,200.0,2015年第１四半期
沖縄県,30分?60分,32000000,130,共同住宅、倉庫,80.0,400.0,2015年第１四半期
沖縄県,13,79000000,250,住宅,60.0,200.0,2015年第１四半期
沖縄県,7,27000000,80,住宅,60.0,200.0,2015年第１四半期
沖縄県,7,27000000,70,住宅,80.0,300.0,2015年第１四半期
沖縄県,4,9500000,40,住宅,80.0,500.0,2015年第１四半期
沖縄県,14,16000000,60,住宅,80.0,400.0,2015年第１四半期
沖縄県,7,570000000,360,共同住宅、事務所、店舗,80.0,400.0,2015年第１四半期
沖縄県,3,19000000,40,住宅,80.0,400.0,2015年第１四半期
沖縄県,26,110000000,310,共同住宅,50.0,150.0,2015年第１四半期
沖縄県,28,3200000,20,住宅,80.0,300.0,2015年第１四半期
沖縄県,29,24000000,65,住宅,80.0,300.0,2015年第１四半期
沖縄県,8,5000000,50,住宅,80.0,400.0,2015年第１四半期
沖縄県,8,15000000,65,住宅,80.0,400.0,2015年第１四半期
沖縄県,7,230000000,500,共同住宅,60.0,200.0,2015年第１四半期
沖縄県,23,18000000,95,住宅,60.0,200.0,2015年第１四半期
沖縄県,5,20000000,165,住宅,60.0,200.0,2015年第１四半期
沖縄県,13,7500000,30,住宅,80.0,400.0,2015年第１四半期
沖縄県,13,65000000,430,住宅,50.0,100.0,2015年第１四半期
沖縄県,2,29000000,65,住宅,80.0,200.0,2015年第１四半期
沖縄県,9,38000000,65,住宅,80.0,400.0,2015年第１四半期
沖縄県,9,4200000,50,住宅,80.0,400.0,2015年第１四半期
沖縄県,9,62000000,90,住宅,80.0,400.0,2015年第１四半期
沖縄県,7,32000000,160,住宅,50.0,100.0,2015年第１四半期
沖縄県,2,33000000,65,住宅,80.0,500.0,2015年第１四半期
沖縄県,3,75000000,200,住宅、店舗,80.0,200.0,2015年第１四半期
沖縄県,13,24000000,65,住宅,60.0,200.0,2015年第１四半期
沖縄県,29,14000000,70,住宅,60.0,200.0,2015年第１四半期
沖縄県,8,15000000,80,住宅,50.0,100.0,2015年第１四半期
沖縄県,3,25000000,65,住宅,60.0,200.0,2015年第１四半期
沖縄県,13,9000000,60,住宅,80.0,300.0,2015年第１四半期
沖縄県,30分?60分,31000000,75,住宅,60.0,200.0,2015年第１四半期
沖縄県,22,36000000,125,住宅,50.0,200.0,2015年第１四半期
沖縄県,2,32000000,70,住宅,80.0,400.0,2015年第１四半期
沖縄県,4,22000000,75,住宅,80.0,400.0,2015年第１四半期
沖縄県,22,41000000,100,共同住宅,60.0,200.0,2015年第１四半期
沖縄県,11,15000000,160,住宅,60.0,200.0,2015年第１四半期
沖縄県,30分?60分,32000000,90,住宅,60.0,200.0,2015年第１四半期
沖縄県,30分?60分,8000000,35,住宅,60.0,200.0,2015年第２四半期
沖縄県,8,29000000,115,住宅,50.0,150.0,2015年第２四半期
沖縄県,7,8000000,100,住宅、店舗,80.0,600.0,2015年第２四半期
沖縄県,25,10000000,55,住宅,60.0,200.0,2015年第２四半期
沖縄県,9,20000000,80,住宅,80.0,400.0,2015年第２四半期
沖縄県,5,95000000,175,共同住宅、店舗,80.0,400.0,2015年第２四半期
沖縄県,8,25000000,160,住宅,50.0,150.0,2015年第２四半期
沖縄県,11,18000000,65,住宅,80.0,400.0,2015年第２四半期
沖縄県,8,34000000,75,住宅,60.0,200.0,2015年第２四半期
沖縄県,9,36000000,210,住宅、店舗,80.0,400.0,2015年第２四半期
沖縄県,6,47000000,80,住宅,80.0,400.0,2015年第２四半期
沖縄県,3,61000000,140,住宅、事務所、店舗,80.0,600.0,2015年第２四半期
沖縄県,19,32000000,165,住宅、店舗,60.0,200.0,2015年第２四半期
沖縄県,9,13000000,80,住宅,60.0,200.0,2015年第２四半期
沖縄県,8,7500000,95,住宅,60.0,200.0,2015年第２四半期
沖縄県,30分?60分,45000000,490,住宅,50.0,100.0,2015年第２四半期
沖縄県,4,20000000,70,住宅,80.0,400.0,2015年第２四半期
沖縄県,28,13000000,70,住宅,60.0,200.0,2015年第２四半期
沖縄県,14,37000000,170,住宅、店舗,60.0,200.0,2015年第２四半期
沖縄県,21,15000000,110,住宅,60.0,200.0,2015年第２四半期
沖縄県,6,58000000,85,住宅,80.0,400.0,2015年第２四半期
沖縄県,18,27000000,80,住宅,60.0,200.0,2015年第２四半期
沖縄県,25,11000000,55,住宅,60.0,200.0,2015年第２四半期
沖縄県,29,10000000,30,住宅,80.0,300.0,2015年第２四半期
沖縄県,10,7000000,90,住宅,60.0,200.0,2015年第２四半期
沖縄県,25,23000000,55,住宅,60.0,200.0,2015年第２四半期
沖縄県,5,29000000,145,住宅、店舗,60.0,200.0,2015年第２四半期
沖縄県,10,27000000,80,住宅,60.0,200.0,2015年第２四半期
沖縄県,13,8200000,55,住宅,80.0,300.0,2015年第２四半期
沖縄県,10,14000000,55,住宅,80.0,400.0,2015年第２四半期
沖縄県,29,9700000,55,住宅,60.0,200.0,2015年第２四半期
沖縄県,26,9500000,30,住宅,80.0,300.0,2015年第２四半期
沖縄県,23,2900000,20,住宅,60.0,200.0,2015年第２四半期
沖縄県,9,150000000,390,共同住宅、事務所,60.0,200.0,2015年第２四半期
沖縄県,15,67000000,440,住宅,50.0,150.0,2015年第３四半期
沖縄県,5,17000000,65,住宅,80.0,600.0,2015年第３四半期
沖縄県,9,16000000,60,住宅,80.0,400.0,2015年第３四半期
沖縄県,8,33000000,130,住宅,50.0,100.0,2015年第３四半期
沖縄県,13,13000000,60,住宅,60.0,200.0,2015年第３四半期
沖縄県,14,21000000,100,住宅,60.0,200.0,2015年第３四半期
沖縄県,8,34000000,90,住宅,60.0,200.0,2015年第３四半期
沖縄県,23,31000000,125,共同住宅,60.0,200.0,2015年第３四半期
沖縄県,18,14000000,60,住宅,60.0,200.0,2015年第３四半期
沖縄県,20,47000000,170,住宅,60.0,200.0,2015年第３四半期
沖縄県,4,4000000,50,住宅,60.0,200.0,2015年第３四半期
沖縄県,6,40000000,85,住宅,80.0,300.0,2015年第３四半期
沖縄県,1,35000000,70,住宅,80.0,500.0,2015年第３四半期
沖縄県,30分?60分,21000000,70,住宅,50.0,150.0,2015年第３四半期
沖縄県,12,23000000,170,住宅,50.0,100.0,2015年第３四半期
沖縄県,9,39000000,90,住宅,60.0,200.0,2015年第３四半期
沖縄県,4,39000000,80,住宅,80.0,400.0,2015年第３四半期
沖縄県,19,2500000,50,住宅,60.0,200.0,2015年第３四半期
沖縄県,19,39000000,230,共同住宅,60.0,200.0,2015年第３四半期
沖縄県,14,37000000,70,住宅,80.0,300.0,2015年第３四半期
沖縄県,30分?60分,30000000,250,共同住宅、事務所,50.0,100.0,2015年第３四半期
沖縄県,23,20000000,60,住宅,60.0,200.0,2015年第３四半期
沖縄県,18,24000000,65,住宅,60.0,200.0,2015年第３四半期
沖縄県,13,16000000,60,住宅,60.0,200.0,2015年第３四半期
沖縄県,10,20000000,80,住宅,60.0,200.0,2015年第３四半期
沖縄県,6,38000000,150,住宅,60.0,200.0,2015年第３四半期
沖縄県,5,23000000,75,住宅,60.0,200.0,2015年第３四半期
沖縄県,6,40000000,170,住宅,60.0,200.0,2015年第３四半期
沖縄県,9,28000000,60,住宅、店舗,80.0,400.0,2015年第３四半期
沖縄県,15,14000000,50,住宅,60.0,200.0,2015年第３四半期
沖縄県,14,29000000,70,住宅,80.0,400.0,2015年第３四半期
沖縄県,11,25000000,95,住宅,60.0,200.0,2015年第３四半期
沖縄県,20,38000000,75,住宅,80.0,300.0,2015年第３四半期
沖縄県,28,25000000,75,住宅,60.0,200.0,2015年第３四半期
沖縄県,6,14000000,50,住宅,60.0,200.0,2015年第３四半期
沖縄県,14,30000000,70,住宅,80.0,300.0,2015年第３四半期
沖縄県,8,17000000,55,住宅,60.0,200.0,2015年第３四半期
沖縄県,8,9500000,50,住宅,80.0,300.0,2015年第４四半期
沖縄県,9,50000000,570,住宅,50.0,100.0,2015年第４四半期
沖縄県,30分?60分,16000000,65,住宅,60.0,200.0,2015年第４四半期
沖縄県,13,4900000,60,住宅,80.0,300.0,2015年第４四半期
沖縄県,30分?60分,6000000,55,住宅,60.0,200.0,2015年第４四半期
沖縄県,16,14000000,190,住宅,50.0,100.0,2015年第４四半期
沖縄県,5,18000000,65,住宅,80.0,200.0,2015年第４四半期
沖縄県,13,22000000,60,住宅,80.0,400.0,2015年第４四半期
沖縄県,30分?60分,12000000,30,住宅,80.0,200.0,2015年第４四半期
沖縄県,13,4500000,30,住宅,50.0,100.0,2015年第４四半期
沖縄県,30分?60分,9600000,30,住宅,80.0,200.0,2015年第４四半期
沖縄県,20,8500000,60,住宅,60.0,200.0,2015年第４四半期
沖縄県,6,13000000,80,住宅,50.0,100.0,2015年第４四半期
沖縄県,2,17000000,75,住宅,80.0,600.0,2015年第４四半期
沖縄県,3,22000000,75,住宅,80.0,400.0,2015年第４四半期
沖縄県,14,3000000,65,住宅,60.0,200.0,2015年第４四半期
沖縄県,18,6500000,45,住宅,60.0,200.0,2015年第４四半期
沖縄県,16,25000000,70,住宅,60.0,200.0,2015年第４四半期
沖縄県,11,19000000,65,住宅,60.0,200.0,2015年第４四半期
沖縄県,4,42000000,340,住宅,50.0,100.0,2015年第４四半期
沖縄県,13,20000000,60,住宅,60.0,200.0,2015年第４四半期
沖縄県,4,19000000,60,住宅,80.0,300.0,2015年第４四半期
沖縄県,9,18000000,55,住宅,80.0,400.0,2015年第４四半期
沖縄県,10,50000000,75,住宅,80.0,400.0,2015年第４四半期
沖縄県,7,56000000,85,住宅,80.0,400.0,2015年第４四半期
沖縄県,8,28000000,55,住宅,80.0,400.0,2015年第４四半期
沖縄県,18,13000000,30,住宅,60.0,200.0,2015年第４四半期
沖縄県,13,35000000,150,共同住宅、店舗,80.0,400.0,2015年第４四半期
沖縄県,5,28000000,85,住宅,60.0,200.0,2015年第４四半期
沖縄県,10,40000000,70,住宅,80.0,400.0,2015年第４四半期
沖縄県,10,27000000,140,住宅,50.0,100.0,2015年第４四半期
沖縄県,9,3700000,20,住宅,60.0,200.0,2015年第４四半期
沖縄県,4,110000000,60,住宅、店舗,80.0,500.0,2015年第４四半期
沖縄県,10,39000000,185,共同住宅,60.0,200.0,2015年第４四半期
沖縄県,11,33000000,85,住宅,60.0,200.0,2015年第４四半期
沖縄県,17,4800000,45,住宅,60.0,200.0,2015年第４四半期
沖縄県,8,57000000,540,共同住宅,60.0,200.0,2015年第４四半期
沖縄県,1,32000000,70,住宅,80.0,400.0,2015年第４四半期
沖縄県,13,9800000,65,住宅,60.0,200.0,2015年第４四半期
沖縄県,6,16000000,65,住宅,60.0,200.0,2016年第１四半期
沖縄県,3,100000000,300,住宅、店舗,80.0,400.0,2016年第１四半期
沖縄県,2,120000000,145,住宅,80.0,500.0,2016年第１四半期
沖縄県,9,14000000,95,住宅,60.0,200.0,2016年第１四半期
沖縄県,6,25000000,130,住宅,60.0,200.0,2016年第１四半期
沖縄県,30分?60分,23000000,80,住宅,80.0,400.0,2016年第１四半期
沖縄県,6,39000000,60,共同住宅,80.0,400.0,2016年第１四半期
沖縄県,6,30000000,105,住宅、事務所,60.0,200.0,2016年第１四半期
沖縄県,16,140000000,530,共同住宅,60.0,200.0,2016年第１四半期
沖縄県,15,17000000,65,住宅,60.0,200.0,2016年第１四半期
沖縄県,18,20000000,135,住宅,60.0,200.0,2016年第１四半期
沖縄県,4,25000000,80,住宅,60.0,200.0,2016年第１四半期
沖縄県,8,19000000,85,住宅,60.0,200.0,2016年第１四半期
沖縄県,4,2500000,85,住宅,60.0,200.0,2016年第１四半期
沖縄県,14,17000000,60,住宅,60.0,200.0,2016年第１四半期
沖縄県,6,20000000,55,住宅,80.0,400.0,2016年第１四半期
沖縄県,9,62000000,85,住宅,80.0,400.0,2016年第１四半期
沖縄県,9,18000000,55,住宅,80.0,400.0,2016年第１四半期
沖縄県,13,44000000,80,住宅,80.0,400.0,2016年第１四半期
沖縄県,6,35000000,60,住宅,80.0,400.0,2016年第１四半期
沖縄県,20,26000000,240,住宅、共同住宅、店舗,60.0,200.0,2016年第１四半期
沖縄県,6,32000000,370,住宅,60.0,200.0,2016年第１四半期
沖縄県,4,8000000,50,住宅,80.0,600.0,2016年第１四半期
沖縄県,13,40000000,240,共同住宅、店舗,80.0,400.0,2016年第１四半期
沖縄県,11,11000000,45,住宅,60.0,200.0,2016年第１四半期
沖縄県,30分?60分,29000000,70,住宅,60.0,200.0,2016年第１四半期
沖縄県,5,26000000,75,住宅,80.0,400.0,2016年第１四半期
沖縄県,8,45000000,155,共同住宅、店舗,80.0,400.0,2016年第１四半期
沖縄県,21,16000000,75,住宅,60.0,150.0,2016年第１四半期
沖縄県,20,9400000,70,住宅,60.0,200.0,2016年第１四半期
沖縄県,23,27000000,60,住宅,50.0,150.0,2016年第１四半期
沖縄県,12,72000000,710,共同住宅,50.0,100.0,2016年第１四半期
沖縄県,16,8200000,50,住宅,60.0,200.0,2016年第１四半期
沖縄県,25,25000000,270,共同住宅、店舗,60.0,200.0,2016年第１四半期
沖縄県,10,130000000,250,共同住宅、事務所、店舗,80.0,400.0,2016年第１四半期
沖縄県,30分?60分,11000000,60,住宅,60.0,200.0,2016年第１四半期
沖縄県,7,42000000,85,住宅,80.0,400.0,2016年第１四半期
沖縄県,21,61000000,440,共同住宅、駐車場,50.0,100.0,2016年第１四半期
沖縄県,10,36000000,175,住宅,60.0,200.0,2016年第１四半期
沖縄県,26,26000000,230,住宅、共同住宅,60.0,200.0,2016年第１四半期
沖縄県,21,28000000,75,住宅,60.0,200.0,2016年第１四半期
沖縄県,6,35000000,75,住宅,80.0,400.0,2016年第２四半期
沖縄県,3,11000000,65,住宅,80.0,400.0,2016年第２四半期
沖縄県,14,40000000,90,住宅,80.0,300.0,2016年第２四半期
沖縄県,16,28000000,70,住宅,80.0,200.0,2016年第２四半期
沖縄県,9,100000000,110,住宅,80.0,400.0,2016年第２四半期
沖縄県,13,49000000,70,住宅,80.0,400.0,2016年第２四半期
沖縄県,14,7000000,125,住宅,50.0,100.0,2016年第２四半期
沖縄県,7,25000000,160,住宅,50.0,100.0,2016年第２四半期
沖縄県,6,57000000,90,住宅,80.0,400.0,2016年第２四半期
沖縄県,15,17000000,60,住宅,80.0,300.0,2016年第２四半期
沖縄県,18,2800000,70,住宅,60.0,200.0,2016年第２四半期
沖縄県,26,11000000,55,住宅,60.0,200.0,2016年第２四半期
沖縄県,9,91000000,90,住宅,80.0,400.0,2016年第２四半期
沖縄県,15,26000000,430,住宅,50.0,100.0,2016年第２四半期
沖縄県,3,20000000,160,住宅、店舗,60.0,200.0,2016年第２四半期
沖縄県,14,25000000,75,住宅,50.0,100.0,2016年第２四半期
沖縄県,30分?60分,12000000,60,住宅,80.0,400.0,2016年第２四半期
沖縄県,13,9800000,55,住宅,80.0,300.0,2016年第２四半期
沖縄県,9,42000000,70,住宅,80.0,400.0,2016年第２四半期
沖縄県,27,57000000,160,住宅、駐車場,60.0,200.0,2016年第２四半期
沖縄県,4,17000000,60,住宅,80.0,400.0,2016年第２四半期
沖縄県,7,17000000,65,住宅,80.0,400.0,2016年第２四半期
沖縄県,7,76000000,200,住宅、事務所,50.0,200.0,2016年第２四半期
沖縄県,9,16000000,60,住宅,80.0,400.0,2016年第２四半期
沖縄県,6,14000000,60,住宅,80.0,400.0,2016年第２四半期
沖縄県,5,38000000,190,住宅,60.0,200.0,2016年第２四半期
沖縄県,20,22000000,65,住宅,60.0,200.0,2016年第２四半期
沖縄県,6,31000000,70,住宅,60.0,200.0,2016年第３四半期
沖縄県,15,12000000,50,住宅,60.0,200.0,2016年第３四半期
沖縄県,6,48000000,80,住宅,80.0,400.0,2016年第３四半期
沖縄県,4,320000000,660,住宅、共同住宅、事務所,60.0,200.0,2016年第３四半期
沖縄県,15,42000000,75,住宅,80.0,300.0,2016年第３四半期
沖縄県,6,39000000,65,住宅,80.0,400.0,2016年第３四半期
沖縄県,18,13000000,180,住宅,60.0,200.0,2016年第３四半期
沖縄県,6,62000000,90,住宅,80.0,400.0,2016年第３四半期
沖縄県,14,33000000,60,住宅,80.0,300.0,2016年第３四半期
沖縄県,15,30000000,240,住宅,50.0,100.0,2016年第３四半期
沖縄県,7,32000000,85,住宅,60.0,200.0,2016年第３四半期
沖縄県,19,28000000,230,住宅,60.0,200.0,2016年第３四半期
沖縄県,12,18000000,80,住宅,50.0,100.0,2016年第３四半期
沖縄県,15,37000000,90,住宅,80.0,300.0,2016年第３四半期
沖縄県,24,19000000,160,共同住宅,60.0,200.0,2016年第３四半期
沖縄県,8,8800000,50,住宅,60.0,200.0,2016年第３四半期
沖縄県,10,33000000,70,住宅,60.0,200.0,2016年第３四半期
沖縄県,13,33000000,115,住宅,50.0,100.0,2016年第３四半期
沖縄県,4,17000000,55,住宅,80.0,400.0,2016年第３四半期
沖縄県,7,42000000,130,共同住宅、店舗,80.0,400.0,2016年第３四半期
沖縄県,19,35000000,310,住宅,60.0,200.0,2016年第３四半期
沖縄県,5,32000000,75,住宅,80.0,400.0,2016年第３四半期
沖縄県,24,36000000,85,共同住宅、店舗,60.0,200.0,2016年第３四半期
沖縄県,13,30000000,180,住宅,50.0,100.0,2016年第３四半期
沖縄県,6,220000000,280,共同住宅,60.0,200.0,2016年第３四半期
沖縄県,30分?60分,37000000,170,共同住宅、店舗,60.0,200.0,2016年第３四半期
沖縄県,11,26000000,75,住宅,80.0,400.0,2016年第３四半期
沖縄県,10,75000000,230,住宅,60.0,200.0,2016年第３四半期
沖縄県,11,250000000,320,共同住宅、店舗,80.0,400.0,2016年第３四半期
沖縄県,4,240000000,580,共同住宅,80.0,400.0,2016年第３四半期
沖縄県,6,25000000,70,住宅,80.0,300.0,2016年第３四半期
沖縄県,13,37000000,95,住宅,80.0,200.0,2016年第３四半期
沖縄県,1,18000000,30,住宅,80.0,400.0,2016年第３四半期
沖縄県,6,12000000,45,住宅,60.0,200.0,2016年第３四半期
沖縄県,9,58000000,250,住宅,50.0,100.0,2016年第３四半期
沖縄県,9,140000000,155,共同住宅、店舗,80.0,400.0,2016年第３四半期
沖縄県,26,8500000,30,住宅,60.0,200.0,2016年第３四半期
沖縄県,19,43000000,90,住宅,60.0,200.0,2016年第３四半期
沖縄県,23,93000000,470,住宅、その他,50.0,100.0,2016年第３四半期
沖縄県,6,18000000,60,住宅,60.0,200.0,2016年第３四半期
沖縄県,3,8300000,30,住宅,80.0,400.0,2016年第３四半期
沖縄県,7,28000000,105,住宅,60.0,200.0,2016年第３四半期
沖縄県,19,43000000,95,住宅,60.0,200.0,2016年第４四半期
沖縄県,30分?60分,13000000,60,住宅,50.0,100.0,2016年第４四半期
沖縄県,11,31000000,120,住宅,60.0,200.0,2016年第４四半期
沖縄県,5,80000000,115,住宅、店舗,80.0,400.0,2016年第４四半期
沖縄県,14,11000000,75,住宅,50.0,100.0,2016年第４四半期
沖縄県,3,9900000,45,住宅,60.0,200.0,2016年第４四半期
沖縄県,17,20000000,210,住宅,60.0,200.0,2016年第４四半期
沖縄県,7,55000000,350,住宅,50.0,100.0,2016年第４四半期
沖縄県,12,17000000,65,住宅,60.0,200.0,2016年第４四半期
沖縄県,5,26000000,80,住宅,80.0,400.0,2016年第４四半期
沖縄県,28,35000000,280,共同住宅、店舗,60.0,200.0,2016年第４四半期
沖縄県,14,18000000,60,住宅,80.0,400.0,2016年第４四半期
沖縄県,13,31000000,65,住宅,80.0,400.0,2016年第４四半期
沖縄県,15,30000000,105,住宅,50.0,100.0,2016年第４四半期
沖縄県,30分?60分,28000000,130,住宅,50.0,100.0,2016年第４四半期
沖縄県,19,41000000,80,住宅,80.0,300.0,2016年第４四半期
沖縄県,3,37000000,70,住宅,80.0,400.0,2016年第４四半期
沖縄県,6,40000000,70,住宅,80.0,400.0,2016年第４四半期
沖縄県,8,24000000,70,住宅,60.0,200.0,2016年第４四半期
沖縄県,10,11000000,65,住宅,50.0,100.0,2016年第４四半期
沖縄県,30分?60分,35000000,150,住宅,50.0,100.0,2016年第４四半期
沖縄県,6,39000000,75,住宅,60.0,200.0,2016年第４四半期
沖縄県,8,16000000,65,住宅,80.0,400.0,2016年第４四半期
沖縄県,28,7700000,50,住宅,60.0,200.0,2016年第４四半期
沖縄県,26,15000000,60,住宅,60.0,200.0,2016年第４四半期
沖縄県,24,20000000,80,住宅,60.0,200.0,2016年第４四半期
沖縄県,15,18000000,90,住宅,60.0,200.0,2016年第４四半期
沖縄県,6,34000000,75,住宅,60.0,200.0,2016年第４四半期
沖縄県,4,21000000,60,住宅,80.0,400.0,2016年第４四半期
沖縄県,10,24000000,35,住宅、店舗,80.0,400.0,2016年第４四半期
沖縄県,4,11000000,50,住宅,60.0,200.0,2016年第４四半期
沖縄県,11,27000000,85,住宅、店舗,80.0,400.0,2017年第１四半期
沖縄県,15,27000000,250,住宅,60.0,200.0,2017年第１四半期
沖縄県,13,110000000,320,共同住宅、駐車場,60.0,200.0,2017年第１四半期
沖縄県,6,30000000,70,住宅,60.0,200.0,2017年第１四半期
沖縄県,21,17000000,70,住宅,60.0,150.0,2017年第１四半期
沖縄県,13,11000000,55,住宅,80.0,300.0,2017年第１四半期
沖縄県,6,28000000,75,住宅,60.0,200.0,2017年第１四半期
沖縄県,23,20000000,450,住宅,60.0,200.0,2017年第１四半期
沖縄県,6,82000000,340,共同住宅,60.0,200.0,2017年第１四半期
沖縄県,6,11000000,60,住宅,60.0,200.0,2017年第１四半期
沖縄県,8,50000000,460,共同住宅,50.0,100.0,2017年第１四半期
沖縄県,18,25000000,200,住宅,60.0,200.0,2017年第１四半期
沖縄県,8,39000000,115,住宅,60.0,200.0,2017年第１四半期
沖縄県,14,17000000,70,住宅,60.0,200.0,2017年第１四半期
沖縄県,30分?60分,18000000,80,住宅,60.0,200.0,2017年第１四半期
沖縄県,18,19000000,100,住宅,60.0,200.0,2017年第１四半期
沖縄県,3,50000000,105,住宅、店舗,80.0,400.0,2017年第１四半期
沖縄県,14,20000000,135,住宅,80.0,300.0,2017年第１四半期
沖縄県,30分?60分,36000000,135,住宅,50.0,100.0,2017年第１四半期
沖縄県,3,7000000,50,住宅,60.0,200.0,2017年第１四半期
沖縄県,2,24000000,70,住宅,80.0,300.0,2017年第１四半期
沖縄県,2,41000000,75,住宅,80.0,400.0,2017年第１四半期
沖縄県,7,18000000,75,住宅,80.0,400.0,2017年第１四半期
沖縄県,9,20000000,55,住宅,60.0,200.0,2017年第１四半期
沖縄県,11,15000000,70,住宅,80.0,400.0,2017年第１四半期
沖縄県,6,23000000,95,住宅,80.0,400.0,2017年第１四半期
沖縄県,14,16000000,60,住宅,80.0,400.0,2017年第１四半期
沖縄県,13,49000000,80,住宅,80.0,400.0,2017年第１四半期
沖縄県,17,22000000,150,住宅,60.0,200.0,2017年第１四半期
沖縄県,9,33000000,70,住宅,80.0,400.0,2017年第１四半期
沖縄県,23,40000000,70,住宅,50.0,150.0,2017年第１四半期
沖縄県,8,26000000,105,住宅,60.0,200.0,2017年第１四半期
沖縄県,7,52000000,80,住宅,80.0,400.0,2017年第１四半期
沖縄県,20,150000000,160,共同住宅、事務所,80.0,300.0,2017年第１四半期
沖縄県,13,13000000,50,住宅,60.0,200.0,2017年第１四半期
沖縄県,7,22000000,50,住宅,60.0,200.0,2017年第１四半期
沖縄県,30分?60分,130000000,550,共同住宅,50.0,100.0,2017年第１四半期
沖縄県,24,35000000,110,住宅,60.0,200.0,2017年第１四半期
沖縄県,2,13000000,70,住宅,80.0,400.0,2017年第１四半期
沖縄県,1,17000000,55,住宅,80.0,400.0,2017年第１四半期
沖縄県,29,30000000,75,住宅,80.0,300.0,2017年第１四半期
沖縄県,5,17000000,65,住宅,60.0,200.0,2017年第１四半期
沖縄県,18,56000000,95,住宅,60.0,200.0,2017年第１四半期
沖縄県,13,36000000,80,住宅,60.0,200.0,2017年第１四半期
沖縄県,26,48000000,300,共同住宅,60.0,200.0,2017年第１四半期
沖縄県,10,21000000,70,住宅,80.0,400.0,2017年第２四半期
沖縄県,4,54000000,120,住宅,80.0,400.0,2017年第２四半期
沖縄県,3,36000000,70,住宅,80.0,400.0,2017年第２四半期
沖縄県,15,3500000,20,住宅,60.0,200.0,2017年第２四半期
沖縄県,25,60000000,150,住宅,60.0,200.0,2017年第２四半期
沖縄県,14,8500000,75,住宅,60.0,200.0,2017年第２四半期
沖縄県,6,8000000,50,住宅,80.0,900.0,2017年第２四半期
沖縄県,6,45000000,75,住宅,60.0,200.0,2017年第２四半期
沖縄県,12,100000000,165,共同住宅,60.0,200.0,2017年第２四半期
沖縄県,16,12000000,50,住宅,60.0,200.0,2017年第２四半期
沖縄県,6,8200000,30,住宅,80.0,400.0,2017年第２四半期
沖縄県,18,30000000,360,住宅,60.0,200.0,2017年第２四半期
沖縄県,25,29000000,75,住宅,80.0,300.0,2017年第２四半期
沖縄県,20,86000000,300,共同住宅,60.0,200.0,2017年第２四半期
沖縄県,6,46000000,70,住宅,80.0,400.0,2017年第２四半期
沖縄県,4,120000000,240,住宅、共同住宅、事務所,80.0,400.0,2017年第２四半期
沖縄県,9,33000000,65,住宅,80.0,400.0,2017年第２四半期
沖縄県,7,31000000,60,住宅,80.0,400.0,2017年第２四半期
沖縄県,8,16000000,75,住宅,60.0,200.0,2017年第２四半期
沖縄県,23,7600000,165,住宅,60.0,200.0,2017年第２四半期
沖縄県,13,44000000,125,住宅,50.0,100.0,2017年第２四半期
沖縄県,20,23000000,150,住宅,50.0,100.0,2017年第２四半期
沖縄県,5,40000000,145,住宅、店舗,60.0,200.0,2017年第２四半期
沖縄県,7,50000000,70,住宅,80.0,400.0,2017年第２四半期
沖縄県,6,95000000,90,住宅,80.0,400.0,2017年第２四半期
沖縄県,6,50000000,85,住宅,80.0,400.0,2017年第２四半期
沖縄県,10,35000000,110,共同住宅、店舗,60.0,200.0,2017年第２四半期
沖縄県,3,25000000,85,住宅,80.0,200.0,2017年第２四半期
沖縄県,28,15000000,150,住宅,50.0,100.0,2017年第２四半期
沖縄県,23,17000000,160,住宅,60.0,200.0,2017年第２四半期
沖縄県,18,39000000,135,住宅、共同住宅,60.0,200.0,2017年第２四半期
沖縄県,14,15000000,70,住宅,50.0,100.0,2017年第２四半期
沖縄県,11,34000000,85,住宅,60.0,200.0,2017年第２四半期
沖縄県,11,120000000,490,共同住宅、事務所、店舗,80.0,200.0,2017年第２四半期
沖縄県,8,28000000,60,住宅,80.0,400.0,2017年第３四半期
沖縄県,9,47000000,80,住宅,80.0,400.0,2017年第３四半期
沖縄県,7,56000000,135,共同住宅、店舗,80.0,300.0,2017年第３四半期
沖縄県,6,30000000,85,住宅,60.0,200.0,2017年第３四半期
沖縄県,12,27000000,70,住宅,60.0,200.0,2017年第３四半期
沖縄県,5,30000000,75,住宅,80.0,400.0,2017年第３四半期
沖縄県,9,63000000,170,住宅,50.0,100.0,2017年第３四半期
沖縄県,3,50000000,220,住宅,50.0,150.0,2017年第３四半期
沖縄県,5,150000000,420,共同住宅,80.0,200.0,2017年第３四半期
沖縄県,7,17000000,55,住宅,60.0,200.0,2017年第３四半期
沖縄県,6,90000000,95,住宅,80.0,400.0,2017年第３四半期
沖縄県,9,5900000,20,住宅,80.0,400.0,2017年第３四半期
沖縄県,7,120000000,60,住宅、店舗,80.0,500.0,2017年第３四半期
沖縄県,12,11000000,30,住宅,80.0,400.0,2017年第３四半期
沖縄県,8,18000000,75,住宅,80.0,400.0,2017年第３四半期
沖縄県,13,9000000,30,住宅,80.0,400.0,2017年第３四半期
沖縄県,15,85000000,200,共同住宅、事務所,80.0,400.0,2017年第３四半期
沖縄県,29,5900000,20,住宅,80.0,300.0,2017年第３四半期
沖縄県,2,47000000,145,住宅、店舗,80.0,400.0,2017年第３四半期
沖縄県,10,190000000,130,共同住宅,80.0,400.0,2017年第３四半期
沖縄県,3,17000000,65,住宅,80.0,400.0,2017年第３四半期
沖縄県,4,170000000,165,共同住宅、店舗,60.0,200.0,2017年第３四半期
沖縄県,1,23000000,60,住宅,80.0,400.0,2017年第３四半期
沖縄県,14,25000000,130,住宅,60.0,200.0,2017年第３四半期
沖縄県,15,25000000,70,住宅,60.0,200.0,2017年第３四半期
沖縄県,6,35000000,70,住宅,60.0,200.0,2017年第３四半期
沖縄県,9,53000000,110,住宅,50.0,100.0,2017年第３四半期
沖縄県,6,38000000,90,共同住宅,80.0,400.0,2017年第３四半期
沖縄県,6,16000000,105,住宅、店舗,80.0,400.0,2017年第３四半期
沖縄県,8,7500000,60,住宅,80.0,400.0,2017年第３四半期
沖縄県,6,23000000,65,住宅,60.0,200.0,2017年第３四半期
沖縄県,13,12000000,45,住宅,80.0,300.0,2017年第３四半期
沖縄県,5,18000000,70,住宅,80.0,400.0,2017年第３四半期
沖縄県,22,11000000,165,住宅,60.0,200.0,2017年第４四半期
沖縄県,30分?60分,18000000,140,住宅,50.0,100.0,2017年第４四半期
沖縄県,17,27000000,190,住宅、事務所,60.0,200.0,2017年第４四半期
沖縄県,6,64000000,165,住宅,50.0,150.0,2017年第４四半期
沖縄県,6,110000000,160,共同住宅、店舗,80.0,400.0,2017年第４四半期
沖縄県,6,53000000,165,住宅,50.0,150.0,2017年第４四半期
沖縄県,6,65000000,280,住宅,60.0,200.0,2017年第４四半期
沖縄県,13,160000000,810,共同住宅,60.0,200.0,2017年第４四半期
沖縄県,4,130000000,440,住宅、共同住宅,60.0,200.0,2017年第４四半期
沖縄県,6,34000000,145,住宅、店舗,80.0,400.0,2017年第４四半期
沖縄県,8,26000000,80,共同住宅、店舗,80.0,400.0,2017年第４四半期
沖縄県,8,35000000,105,住宅、店舗,80.0,400.0,2017年第４四半期
沖縄県,7,6500000,50,住宅,80.0,400.0,2017年第４四半期
沖縄県,9,22000000,80,住宅,60.0,200.0,2017年第４四半期
沖縄県,1,70000000,70,住宅、店舗,80.0,500.0,2017年第４四半期
沖縄県,20,13000000,95,住宅,60.0,200.0,2017年第４四半期
沖縄県,8,29000000,160,住宅,60.0,200.0,2017年第４四半期
沖縄県,7,41000000,150,住宅,50.0,100.0,2017年第４四半期
沖縄県,13,26000000,130,住宅,60.0,200.0,2017年第４四半期
沖縄県,30分?60分,40000000,145,住宅,50.0,100.0,2017年第４四半期
沖縄県,7,26000000,65,住宅,60.0,200.0,2017年第４四半期
沖縄県,19,8500000,430,住宅,60.0,200.0,2017年第４四半期
沖縄県,7,23000000,65,住宅,60.0,200.0,2017年第４四半期
沖縄県,6,220000000,180,共同住宅、店舗,60.0,200.0,2017年第４四半期
沖縄県,14,15000000,140,住宅,60.0,200.0,2017年第４四半期
沖縄県,9,33000000,80,住宅,80.0,400.0,2018年第１四半期
沖縄県,29,42000000,175,住宅、共同住宅,60.0,200.0,2018年第１四半期
沖縄県,6,65000000,115,共同住宅、店舗,80.0,400.0,2018年第１四半期
沖縄県,7,55000000,170,住宅,60.0,200.0,2018年第１四半期
沖縄県,8,26000000,45,住宅、店舗,80.0,300.0,2018年第１四半期
沖縄県,6,130000000,280,住宅、共同住宅、事務所,60.0,200.0,2018年第１四半期
沖縄県,9,47000000,200,住宅,40.0,80.0,2018年第１四半期
沖縄県,13,14000000,55,住宅,80.0,300.0,2018年第１四半期
沖縄県,5,39000000,85,住宅,60.0,200.0,2018年第１四半期
沖縄県,6,95000000,290,住宅、店舗,50.0,150.0,2018年第１四半期
沖縄県,3,15000000,105,住宅、店舗,80.0,400.0,2018年第１四半期
沖縄県,19,15000000,105,住宅,50.0,100.0,2018年第１四半期
沖縄県,29,18000000,65,住宅,60.0,200.0,2018年第１四半期
沖縄県,5,130000000,170,共同住宅、店舗,60.0,200.0,2018年第１四半期
沖縄県,8,16000000,50,住宅,80.0,400.0,2018年第１四半期
沖縄県,7,350000000,610,共同住宅,60.0,200.0,2018年第１四半期
沖縄県,12,28000000,125,共同住宅,80.0,200.0,2018年第１四半期
沖縄県,24,85000000,140,共同住宅、事務所,60.0,200.0,2018年第１四半期
沖縄県,6,65000000,80,住宅、事務所,80.0,400.0,2018年第１四半期
沖縄県,5,590000000,420,共同住宅、駐車場、店舗,80.0,400.0,2018年第１四半期
沖縄県,6,14000000,65,住宅,80.0,400.0,2018年第１四半期
沖縄県,3,160000000,490,住宅,80.0,200.0,2018年第１四半期
沖縄県,2,50000000,150,住宅,40.0,80.0,2018年第１四半期
沖縄県,12,260000000,430,住宅、共同住宅、事務所、駐車場,80.0,400.0,2018年第１四半期
沖縄県,11,17000000,60,住宅,60.0,200.0,2018年第１四半期
沖縄県,5,42000000,70,住宅,60.0,200.0,2018年第１四半期
沖縄県,4,44000000,80,住宅,80.0,400.0,2018年第１四半期
沖縄県,30分?60分,370000000,1700,共同住宅,50.0,100.0,2018年第１四半期
沖縄県,15,45000000,90,住宅,80.0,300.0,2018年第１四半期
沖縄県,6,96000000,95,住宅,80.0,400.0,2018年第１四半期
沖縄県,3,17000000,50,住宅,80.0,600.0,2018年第１四半期
沖縄県,10,26000000,75,住宅,80.0,400.0,2018年第１四半期
沖縄県,8,48000000,90,住宅,60.0,200.0,2018年第１四半期
沖縄県,13,36000000,105,住宅、店舗,60.0,200.0,2018年第１四半期
沖縄県,8,38000000,75,住宅,80.0,400.0,2018年第２四半期
沖縄県,1,58000000,90,住宅,80.0,500.0,2018年第２四半期
沖縄県,29,20000000,70,住宅,60.0,200.0,2018年第２四半期
沖縄県,10,140000000,210,共同住宅,80.0,400.0,2018年第２四半期
沖縄県,3,50000000,230,住宅,60.0,200.0,2018年第２四半期
沖縄県,6,95000000,360,共同住宅、店舗,80.0,200.0,2018年第２四半期
沖縄県,6,40000000,105,住宅、店舗,80.0,400.0,2018年第２四半期
沖縄県,4,50000000,115,住宅、共同住宅,60.0,300.0,2018年第２四半期
沖縄県,12,52000000,80,住宅,80.0,400.0,2018年第２四半期
沖縄県,5,98000000,330,共同住宅、事務所、店舗,80.0,400.0,2018年第２四半期
沖縄県,6,46000000,70,住宅,80.0,400.0,2018年第２四半期
沖縄県,19,20000000,60,住宅,60.0,200.0,2018年第２四半期
沖縄県,16,88000000,320,住宅、事務所,50.0,100.0,2018年第２四半期
沖縄県,8,100000000,220,住宅、事務所、店舗,80.0,400.0,2018年第２四半期
沖縄県,16,16000000,210,住宅,50.0,100.0,2018年第２四半期
沖縄県,17,19000000,75,住宅,60.0,200.0,2018年第２四半期
沖縄県,23,30000000,220,住宅,60.0,200.0,2018年第２四半期
沖縄県,16,27000000,65,住宅,80.0,300.0,2018年第２四半期
沖縄県,6,12000000,100,住宅,60.0,200.0,2018年第２四半期
沖縄県,11,29000000,40,住宅,80.0,400.0,2018年第２四半期
沖縄県,26,65000000,250,住宅、駐車場,60.0,200.0,2018年第２四半期
沖縄県,25,8000000,45,住宅,60.0,200.0,2018年第２四半期
沖縄県,5,110000000,350,共同住宅,50.0,100.0,2018年第２四半期
沖縄県,4,28000000,65,住宅,80.0,400.0,2018年第２四半期
沖縄県,8,60000000,45,住宅,50.0,100.0,2018年第２四半期
沖縄県,9,48000000,100,住宅、事務所,80.0,400.0,2018年第２四半期
沖縄県,11,18000000,60,住宅,60.0,200.0,2018年第２四半期
沖縄県,6,39000000,80,住宅,80.0,400.0,2018年第２四半期
沖縄県,5,30000000,130,住宅、店舗,60.0,200.0,2018年第２四半期
沖縄県,8,15000000,55,住宅,60.0,200.0,2018年第２四半期
沖縄県,6,48000000,105,住宅、倉庫、その他,60.0,300.0,2018年第３四半期
沖縄県,6,44000000,120,住宅、店舗,80.0,400.0,2018年第３四半期
沖縄県,13,29000000,75,住宅,60.0,200.0,2018年第３四半期
沖縄県,30分?60分,9000000,35,住宅,60.0,200.0,2018年第３四半期
沖縄県,4,38000000,330,住宅,60.0,200.0,2018年第３四半期
沖縄県,4,46000000,320,住宅,50.0,100.0,2018年第３四半期
沖縄県,9,60000000,125,住宅、店舗,60.0,200.0,2018年第３四半期
沖縄県,25,33000000,75,住宅,60.0,200.0,2018年第３四半期
沖縄県,6,34000000,60,住宅,80.0,400.0,2018年第３四半期
沖縄県,8,13000000,110,住宅,60.0,200.0,2018年第３四半期
沖縄県,30分?60分,30000000,175,住宅,60.0,200.0,2018年第３四半期
沖縄県,14,46000000,110,住宅,50.0,100.0,2018年第３四半期
沖縄県,11,48000000,230,共同住宅,50.0,100.0,2018年第３四半期
沖縄県,25,50000000,370,住宅、事務所,60.0,200.0,2018年第３四半期
沖縄県,13,30000000,65,住宅,60.0,200.0,2018年第３四半期
沖縄県,14,17000000,60,住宅,80.0,400.0,2018年第３四半期
沖縄県,23,30000000,125,住宅,60.0,200.0,2018年第３四半期
沖縄県,8,120000000,350,共同住宅,60.0,200.0,2018年第３四半期
沖縄県,7,36000000,80,住宅,80.0,400.0,2018年第３四半期
沖縄県,8,10000000,70,住宅,80.0,400.0,2018年第３四半期
沖縄県,6,38000000,75,住宅,60.0,200.0,2018年第３四半期
沖縄県,11,60000000,155,共同住宅、事務所,60.0,200.0,2018年第３四半期
沖縄県,6,44000000,65,住宅,80.0,400.0,2018年第３四半期
沖縄県,1,38000000,160,住宅、店舗,80.0,400.0,2018年第３四半期
沖縄県,25,13000000,45,住宅,60.0,200.0,2018年第３四半期
沖縄県,22,8700000,55,住宅,60.0,200.0,2018年第３四半期
沖縄県,26,260000000,660,住宅、駐車場、店舗、その他,60.0,200.0,2018年第３四半期
沖縄県,13,33000000,360,住宅,80.0,200.0,2018年第３四半期
沖縄県,5,55000000,610,住宅,50.0,100.0,2018年第３四半期
沖縄県,10,95000000,200,共同住宅,60.0,200.0,2018年第３四半期
沖縄県,6,28000000,70,住宅,80.0,400.0,2018年第３四半期
沖縄県,5,29000000,75,住宅,80.0,400.0,2018年第３四半期
沖縄県,10,250000000,440,共同住宅,60.0,200.0,2018年第３四半期
沖縄県,7,22000000,80,住宅,60.0,200.0,2018年第４四半期
沖縄県,5,26000000,70,住宅,80.0,400.0,2018年第４四半期
沖縄県,7,15000000,55,住宅,80.0,400.0,2018年第４四半期
沖縄県,8,19000000,70,住宅,80.0,400.0,2018年第４四半期
沖縄県,16,31000000,75,住宅,60.0,200.0,2018年第４四半期
沖縄県,7,34000000,80,住宅,80.0,400.0,2018年第４四半期
沖縄県,9,63000000,165,住宅、共同住宅,80.0,400.0,2018年第４四半期
沖縄県,9,22000000,70,住宅,60.0,200.0,2018年第４四半期
沖縄県,8,15000000,65,住宅,60.0,200.0,2018年第４四半期
沖縄県,28,21000000,80,住宅,60.0,200.0,2018年第４四半期
沖縄県,20,32000000,175,共同住宅、店舗,60.0,200.0,2018年第４四半期
沖縄県,8,32000000,80,住宅,80.0,400.0,2018年第４四半期
沖縄県,11,68000000,170,住宅,60.0,200.0,2018年第４四半期
沖縄県,19,23000000,110,住宅,50.0,100.0,2018年第４四半期
沖縄県,15,40000000,75,住宅,50.0,100.0,2018年第４四半期
沖縄県,6,90000000,100,住宅,80.0,400.0,2018年第４四半期
沖縄県,8,21000000,65,住宅,60.0,200.0,2018年第４四半期
沖縄県,6,4800000,65,住宅,60.0,200.0,2018年第４四半期
沖縄県,14,15000000,120,住宅,60.0,200.0,2018年第４四半期
沖縄県,1,35000000,70,住宅,80.0,300.0,2018年第４四半期
沖縄県,7,23000000,155,住宅,60.0,200.0,2018年第４四半期
沖縄県,4,14000000,45,住宅,80.0,600.0,2018年第４四半期
沖縄県,7,11000000,45,住宅,80.0,400.0,2018年第４四半期
沖縄県,8,33000000,50,住宅,60.0,200.0,2018年第４四半期
沖縄県,6,77000000,95,住宅,80.0,400.0,2018年第４四半期
沖縄県,9,80000000,105,住宅、店舗,80.0,400.0,2018年第４四半期
沖縄県,5,80000000,125,住宅、共同住宅、店舗,80.0,400.0,2018年第４四半期
沖縄県,4,58000000,150,共同住宅、店舗,80.0,400.0,2018年第４四半期
沖縄県,8,150000000,105,住宅、事務所、倉庫、店舗,80.0,400.0,2018年第４四半期
沖縄県,13,230000000,180,住宅、店舗,80.0,400.0,2018年第４四半期
沖縄県,10,27000000,70,住宅,80.0,400.0,2018年第４四半期
沖縄県,16,1500000,20,住宅,60.0,200.0,2018年第４四半期
沖縄県,15,8500000,60,住宅,60.0,200.0,2018年第４四半期
沖縄県,21,100000000,310,共同住宅,60.0,200.0,2018年第４四半期
沖縄県,9,28000000,70,住宅,80.0,400.0,2018年第４四半期
沖縄県,25,65000000,370,住宅、事務所,60.0,200.0,2018年第４四半期
沖縄県,16,19000000,65,住宅,60.0,200.0,2018年第４四半期
沖縄県,2,74000000,100,住宅、店舗,80.0,400.0,2018年第４四半期
沖縄県,6,64000000,110,住宅,60.0,200.0,2018年第４四半期
沖縄県,12,32000000,85,住宅,60.0,200.0,2018年第４四半期
沖縄県,4,160000000,490,住宅、駐車場,60.0,200.0,2018年第４四半期
沖縄県,29,33000000,70,住宅,80.0,300.0,2019年第１四半期
沖縄県,9,31000000,70,住宅,80.0,400.0,2019年第１四半期
沖縄県,7,17000000,230,共同住宅、店舗,80.0,200.0,2019年第１四半期
沖縄県,15,28000000,70,住宅,50.0,100.0,2019年第１四半期
沖縄県,15,33000000,70,住宅,50.0,100.0,2019年第１四半期
沖縄県,30分?60分,24000000,65,住宅,60.0,200.0,2019年第１四半期
沖縄県,10,49000000,140,共同住宅,50.0,150.0,2019年第１四半期
沖縄県,6,34000000,140,住宅,60.0,200.0,2019年第１四半期
沖縄県,8,42000000,75,住宅,80.0,400.0,2019年第１四半期
沖縄県,9,13000000,90,住宅,60.0,200.0,2019年第１四半期
沖縄県,3,20000000,160,住宅,60.0,200.0,2019年第１四半期
沖縄県,6,370000000,110,共同住宅、店舗,80.0,500.0,2019年第１四半期
沖縄県,8,29000000,165,住宅,60.0,200.0,2019年第１四半期
沖縄県,11,35000000,120,住宅、店舗,80.0,400.0,2019年第１四半期
沖縄県,3,28000000,75,住宅,80.0,400.0,2019年第１四半期
沖縄県,11,68000000,115,住宅、店舗,60.0,200.0,2019年第１四半期
沖縄県,9,30000000,140,住宅,60.0,200.0,2019年第１四半期
沖縄県,21,27000000,115,住宅,60.0,200.0,2019年第１四半期
沖縄県,13,20000000,60,住宅,50.0,100.0,2019年第１四半期
沖縄県,16,26000000,125,住宅,50.0,100.0,2019年第１四半期
沖縄県,4,23000000,65,住宅,80.0,400.0,2019年第１四半期
沖縄県,2,5000000,60,住宅,80.0,400.0,2019年第１四半期
沖縄県,16,5300000,20,住宅,60.0,200.0,2019年第１四半期
沖縄県,26,5500000,55,住宅,60.0,200.0,2019年第１四半期
沖縄県,19,72000000,270,共同住宅,60.0,200.0,2019年第１四半期
沖縄県,6,39000000,65,住宅,60.0,200.0,2019年第１四半期
沖縄県,16,6500000,45,住宅,50.0,100.0,2019年第１四半期
沖縄県,13,140000000,1500,共同住宅,50.0,100.0,2019年第１四半期
沖縄県,2,170000000,240,共同住宅、駐車場、その他,80.0,400.0,2019年第１四半期
沖縄県,15,140000000,310,住宅、店舗,80.0,400.0,2019年第２四半期
沖縄県,13,93000000,490,共同住宅,50.0,100.0,2019年第２四半期
沖縄県,15,24000000,65,住宅,60.0,200.0,2019年第２四半期
沖縄県,10,240000000,320,共同住宅、店舗,80.0,400.0,2019年第２四半期
沖縄県,10,11000000,50,住宅,80.0,400.0,2019年第２四半期
沖縄県,13,53000000,150,共同住宅、店舗,60.0,200.0,2019年第２四半期
沖縄県,5,45000000,165,共同住宅,60.0,200.0,2019年第２四半期
沖縄県,16,29000000,60,住宅,60.0,200.0,2019年第２四半期
沖縄県,7,20000000,60,住宅,50.0,100.0,2019年第２四半期
沖縄県,9,30000000,70,住宅,80.0,400.0,2019年第２四半期
沖縄県,6,31000000,70,住宅,80.0,300.0,2019年第２四半期
沖縄県,16,30000000,70,住宅,80.0,300.0,2019年第２四半期
沖縄県,12,85000000,135,共同住宅、店舗,80.0,400.0,2019年第２四半期
沖縄県,9,27000000,70,住宅,50.0,100.0,2019年第２四半期
沖縄県,25,21000000,70,住宅,60.0,200.0,2019年第２四半期
沖縄県,7,35000000,180,住宅,50.0,100.0,2019年第２四半期
沖縄県,0,29000000,70,住宅,80.0,200.0,2019年第２四半期
沖縄県,29,31000000,65,住宅,80.0,300.0,2019年第２四半期
沖縄県,13,16000000,65,住宅,50.0,100.0,2019年第２四半期
沖縄県,30分?60分,16000000,70,住宅,60.0,200.0,2019年第２四半期
沖縄県,23,15000000,140,住宅,60.0,200.0,2019年第２四半期
沖縄県,9,52000000,70,住宅,80.0,400.0,2019年第２四半期
沖縄県,3,45000000,80,住宅、店舗,80.0,500.0,2019年第２四半期
沖縄県,5,54000000,130,住宅,50.0,100.0,2019年第２四半期
沖縄県,6,36000000,55,住宅,80.0,400.0,2019年第２四半期
沖縄県,15,37000000,60,住宅,80.0,300.0,2019年第２四半期
沖縄県,9,58000000,80,住宅,80.0,400.0,2019年第２四半期
沖縄県,18,35000000,120,住宅,60.0,200.0,2019年第２四半期
沖縄県,15,15000000,60,住宅,60.0,200.0,2019年第２四半期
沖縄県,4,20000000,60,住宅,80.0,400.0,2019年第２四半期
沖縄県,24,45000000,290,住宅,60.0,200.0,2019年第２四半期
沖縄県,2,14000000,60,住宅,80.0,400.0,2019年第２四半期
沖縄県,5,55000000,250,住宅,50.0,150.0,2019年第２四半期
沖縄県,1,170000000,230,住宅、店舗,80.0,500.0,2019年第２四半期
沖縄県,13,50000000,115,住宅、作業場、店舗,80.0,300.0,2019年第２四半期
沖縄県,24,64000000,350,共同住宅、店舗,50.0,100.0,2019年第２四半期
沖縄県,3,6000000,55,住宅,60.0,200.0,2019年第３四半期
沖縄県,10,30000000,170,住宅、店舗,60.0,200.0,2019年第３四半期
沖縄県,16,43000000,70,住宅,80.0,300.0,2019年第３四半期
沖縄県,25,39000000,135,住宅,50.0,100.0,2019年第３四半期
沖縄県,9,74000000,300,住宅、店舗,80.0,200.0,2019年第３四半期
沖縄県,6,44000000,165,住宅、店舗,50.0,150.0,2019年第３四半期
沖縄県,6,30000000,190,住宅、共同住宅,60.0,200.0,2019年第３四半期
沖縄県,5,31000000,95,住宅,40.0,80.0,2019年第３四半期
沖縄県,14,4000000,30,住宅,50.0,100.0,2019年第３四半期
沖縄県,14,39000000,85,住宅,60.0,200.0,2019年第３四半期
沖縄県,20,22000000,95,住宅,60.0,200.0,2019年第３四半期
沖縄県,13,94000000,330,共同住宅,50.0,150.0,2019年第３四半期
沖縄県,23,20000000,70,住宅,60.0,200.0,2019年第３四半期
沖縄県,13,40000000,115,住宅,50.0,100.0,2019年第３四半期
沖縄県,19,63000000,470,共同住宅,50.0,100.0,2019年第３四半期
沖縄県,7,23000000,70,住宅,60.0,200.0,2019年第３四半期
沖縄県,15,18000000,60,住宅,60.0,200.0,2019年第３四半期
沖縄県,13,35000000,75,住宅,60.0,200.0,2019年第３四半期
沖縄県,28,32000000,90,住宅,60.0,200.0,2019年第３四半期
沖縄県,30分?60分,44000000,105,住宅,50.0,100.0,2019年第３四半期
沖縄県,9,46000000,80,住宅,60.0,200.0,2019年第３四半期
沖縄県,14,120000000,200,住宅、事務所,80.0,400.0,2019年第３四半期
沖縄県,1,29000000,50,住宅,80.0,400.0,2019年第３四半期
沖縄県,7,39000000,60,住宅,80.0,400.0,2019年第３四半期
沖縄県,5,30000000,70,住宅、店舗,60.0,200.0,2019年第３四半期
沖縄県,25,16000000,75,共同住宅,60.0,200.0,2019年第３四半期
沖縄県,8,32000000,60,住宅,60.0,200.0,2019年第３四半期
沖縄県,11,20000000,55,住宅,80.0,400.0,2019年第３四半期
沖縄県,30分?60分,33000000,70,住宅,60.0,200.0,2019年第３四半期
沖縄県,11,12000000,55,住宅,80.0,400.0,2019年第３四半期
沖縄県,1,22000000,65,住宅,80.0,400.0,2019年第３四半期
沖縄県,8,45000000,70,住宅,80.0,400.0,2019年第３四半期
沖縄県,3,93000000,310,共同住宅,50.0,150.0,2019年第３四半期
沖縄県,28,21000000,65,住宅,60.0,200.0,2019年第３四半期
沖縄県,9,22000000,65,住宅,60.0,200.0,2019年第４四半期
沖縄県,30分?60分,17000000,70,住宅,60.0,200.0,2019年第４四半期
沖縄県,9,15000000,60,住宅,80.0,400.0,2019年第４四半期
沖縄県,26,43000000,210,住宅,60.0,200.0,2019年第４四半期
沖縄県,11,15000000,50,住宅,60.0,200.0,2019年第４四半期
沖縄県,5,39000000,65,住宅,80.0,400.0,2019年第４四半期
沖縄県,6,35000000,75,住宅,60.0,200.0,2019年第４四半期
沖縄県,30分?60分,28000000,125,住宅,50.0,100.0,2019年第４四半期
沖縄県,7,54000000,85,住宅,60.0,200.0,2019年第４四半期
沖縄県,7,80000000,420,住宅、駐車場,50.0,150.0,2019年第４四半期
沖縄県,25,60000000,300,共同住宅,60.0,200.0,2019年第４四半期
沖縄県,4,7000000,45,住宅,80.0,300.0,2019年第４四半期
沖縄県,12,16000000,90,住宅,80.0,400.0,2019年第４四半期
沖縄県,8,58000000,270,住宅、店舗,60.0,200.0,2019年第４四半期
沖縄県,6,57000000,340,住宅、工場、店舗,60.0,200.0,2019年第４四半期
沖縄県,0,34000000,80,住宅,80.0,200.0,2019年第４四半期
沖縄県,5,28000000,75,住宅,60.0,200.0,2019年第４四半期
沖縄県,8,100000,50,住宅,60.0,200.0,2019年第４四半期
沖縄県,12,15000000,85,住宅,60.0,200.0,2019年第４四半期
沖縄県,29,19000000,75,住宅,60.0,200.0,2019年第４四半期
沖縄県,30分?60分,20000000,75,住宅,60.0,200.0,2019年第４四半期
沖縄県,6,55000000,80,住宅,80.0,400.0,2019年第４四半期
沖縄県,13,20000000,195,住宅,50.0,100.0,2019年第４四半期
沖縄県,25,12000000,65,住宅,60.0,200.0,2019年第４四半期
沖縄県,9,210000000,1200,共同住宅,50.0,100.0,2019年第４四半期
沖縄県,30分?60分,17000000,70,住宅,60.0,200.0,2019年第４四半期
沖縄県,14,32000000,65,住宅,60.0,200.0,2019年第４四半期
沖縄県,7,18000000,60,住宅,50.0,100.0,2019年第４四半期
沖縄県,10,36000000,65,住宅,80.0,400.0,2019年第４四半期
沖縄県,12,23000000,180,住宅,60.0,200.0,2019年第４四半期
沖縄県,15,7000000,45,住宅,60.0,200.0,2019年第４四半期
沖縄県,15,51000000,230,住宅,60.0,200.0,2019年第４四半期
沖縄県,11,47000000,180,住宅,50.0,150.0,2019年第４四半期
沖縄県,3,28000000,65,住宅,60.0,200.0,2019年第４四半期
沖縄県,24,13000000,55,住宅,60.0,200.0,2019年第４四半期
沖縄県,3,44000000,85,住宅,60.0,200.0,2019年第４四半期
沖縄県,18,30000000,70,住宅,60.0,200.0,2019年第４四半期
沖縄県,1,19000000,60,住宅,80.0,400.0,2019年第４四半期
沖縄県,7,42000000,70,住宅,80.0,400.0,2019年第４四半期
沖縄県,6,35000000,55,住宅,80.0,400.0,2019年第４四半期
沖縄県,3,37000000,65,住宅,80.0,400.0,2019年第４四半期
沖縄県,30分?60分,19000000,80,住宅,50.0,100.0,2019年第４四半期
沖縄県,13,37000000,80,住宅,60.0,200.0,2020年第１四半期
沖縄県,16,7600000,30,住宅,50.0,100.0,2020年第１四半期
沖縄県,4,45000000,125,住宅,40.0,80.0,2020年第１四半期
沖縄県,6,30000000,125,住宅,40.0,80.0,2020年第１四半期
沖縄県,29,17000000,75,住宅,60.0,200.0,2020年第１四半期
沖縄県,14,12000000,45,住宅,50.0,100.0,2020年第１四半期
沖縄県,30分?60分,21000000,60,住宅,60.0,200.0,2020年第１四半期
沖縄県,18,25000000,70,住宅,60.0,200.0,2020年第１四半期
沖縄県,24,45000000,75,住宅,60.0,200.0,2020年第１四半期
沖縄県,13,42000000,105,住宅,50.0,100.0,2020年第１四半期
沖縄県,28,32000000,210,住宅,50.0,100.0,2020年第１四半期
沖縄県,28,23000000,55,住宅,60.0,200.0,2020年第１四半期
沖縄県,23,18000000,55,住宅,60.0,200.0,2020年第１四半期
沖縄県,9,33000000,70,住宅、倉庫、店舗,80.0,400.0,2020年第１四半期
沖縄県,13,38000000,90,住宅,80.0,400.0,2020年第１四半期
沖縄県,30分?60分,30000000,70,住宅,60.0,200.0,2020年第１四半期
沖縄県,9,38000000,230,住宅,50.0,100.0,2020年第１四半期
沖縄県,30分?60分,19000000,75,住宅,60.0,200.0,2020年第１四半期
沖縄県,20,29000000,70,住宅,60.0,200.0,2020年第１四半期
沖縄県,5,49000000,85,住宅,80.0,400.0,2020年第１四半期
沖縄県,30分?60分,60000000,420,住宅、駐車場,50.0,100.0,2020年第１四半期
沖縄県,11,35000000,60,住宅,80.0,500.0,2020年第１四半期
沖縄県,5,38000000,70,住宅,80.0,400.0,2020年第１四半期
沖縄県,27,41000000,145,住宅,50.0,100.0,2020年第１四半期
沖縄県,28,40000000,140,住宅,50.0,100.0,2020年第１四半期
沖縄県,28,42000000,135,住宅,50.0,100.0,2020年第１四半期
沖縄県,7,85000000,175,共同住宅、店舗,80.0,400.0,2020年第１四半期
沖縄県,8,13000000,60,住宅,80.0,400.0,2020年第１四半期
沖縄県,7,40000000,85,住宅,80.0,400.0,2020年第１四半期
沖縄県,3,38000000,60,住宅,60.0,200.0,2020年第１四半期
沖縄県,2,52000000,90,住宅,80.0,400.0,2020年第１四半期
沖縄県,11,15000000,40,住宅,80.0,400.0,2020年第１四半期
沖縄県,6,37000000,55,住宅,80.0,400.0,2020年第１四半期
沖縄県,15,35000000,70,住宅,60.0,200.0,2020年第１四半期
沖縄県,10,38000000,65,住宅,60.0,200.0,2020年第１四半期
沖縄県,6,98000000,110,住宅,80.0,400.0,2020年第１四半期
沖縄県,6,230000000,280,共同住宅,60.0,200.0,2020年第１四半期
沖縄県,16,11000000,75,住宅,60.0,200.0,2020年第１四半期
沖縄県,16,4800000,15,住宅,60.0,200.0,2020年第１四半期
沖縄県,11,16000000,50,住宅,60.0,200.0,2020年第１四半期
沖縄県,5,15000000,90,住宅、店舗,80.0,300.0,2020年第１四半期
沖縄県,15,39000000,65,住宅,80.0,300.0,2020年第１四半期
沖縄県,6,30000000,55,住宅,60.0,150.0,2020年第１四半期
沖縄県,15,13000000,60,住宅,80.0,200.0,2020年第１四半期
沖縄県,7,27000000,100,住宅,60.0,200.0,2020年第１四半期
沖縄県,18,61000000,160,住宅,60.0,200.0,2020年第１四半期
沖縄県,3,35000000,95,住宅,50.0,100.0,2020年第１四半期
沖縄県,14,53000000,70,住宅,80.0,300.0,2020年第１四半期
沖縄県,8,65000000,165,住宅,60.0,200.0,2020年第１四半期
沖縄県,15,30000000,105,住宅,60.0,200.0,2020年第２四半期
沖縄県,26,43000000,140,住宅,50.0,100.0,2020年第２四半期
沖縄県,8,28000000,165,住宅,60.0,200.0,2020年第２四半期
沖縄県,13,34000000,70,住宅,60.0,200.0,2020年第２四半期
沖縄県,30分?60分,18000000,60,住宅,50.0,100.0,2020年第２四半期
沖縄県,6,58000000,75,住宅,80.0,400.0,2020年第２四半期
沖縄県,16,88000000,390,住宅,50.0,100.0,2020年第２四半期
沖縄県,8,110000000,115,共同住宅,80.0,400.0,2020年第２四半期
沖縄県,0,24000000,70,住宅,60.0,200.0,2020年第２四半期
沖縄県,11,25000000,80,住宅,60.0,200.0,2020年第２四半期
沖縄県,18,35000000,85,住宅,60.0,200.0,2020年第２四半期
沖縄県,6,65000000,85,住宅,80.0,400.0,2020年第２四半期
沖縄県,6,25000000,95,住宅,80.0,400.0,2020年第２四半期
沖縄県,18,29000000,70,住宅,60.0,200.0,2020年第２四半期
沖縄県,8,36000000,65,住宅,60.0,200.0,2020年第２四半期
沖縄県,6,290000000,770,共同住宅,60.0,200.0,2020年第２四半期
沖縄県,1,32000000,85,住宅,80.0,400.0,2020年第２四半期
沖縄県,11,35000000,75,住宅,60.0,200.0,2020年第２四半期
沖縄県,19,56000000,140,住宅,50.0,100.0,2020年第２四半期
沖縄県,14,33000000,75,住宅,60.0,200.0,2020年第２四半期
沖縄県,28,43000000,230,住宅,50.0,100.0,2020年第２四半期
沖縄県,14,31000000,65,住宅,60.0,200.0,2020年第２四半期
沖縄県,11,53000000,460,住宅,50.0,100.0,2020年第３四半期
沖縄県,11,35000000,70,住宅,60.0,200.0,2020年第３四半期
沖縄県,10,35000000,190,住宅,50.0,100.0,2020年第３四半期
沖縄県,1,28000000,105,住宅、事務所,60.0,300.0,2020年第３四半期
沖縄県,5,84000000,125,共同住宅、店舗,80.0,400.0,2020年第３四半期
沖縄県,9,40000000,105,共同住宅、店舗,80.0,400.0,2020年第３四半期
沖縄県,7,56000000,85,住宅,60.0,200.0,2020年第３四半期
沖縄県,5,2500000,35,住宅,60.0,200.0,2020年第３四半期
沖縄県,11,18000000,85,住宅,50.0,100.0,2020年第３四半期
沖縄県,3,33000000,135,住宅,50.0,150.0,2020年第３四半期
沖縄県,9,46000000,80,住宅,80.0,400.0,2020年第３四半期
沖縄県,15,30000000,75,住宅,60.0,200.0,2020年第３四半期
沖縄県,2,37000000,50,住宅,80.0,400.0,2020年第３四半期
沖縄県,9,50000000,115,住宅,50.0,100.0,2020年第３四半期
沖縄県,13,33000000,195,住宅,50.0,100.0,2020年第３四半期
沖縄県,9,30000000,65,住宅,80.0,400.0,2020年第３四半期
沖縄県,10,130000000,100,住宅,80.0,400.0,2020年第３四半期
沖縄県,4,36000000,60,住宅,60.0,200.0,2020年第３四半期
沖縄県,14,15000000,50,住宅,80.0,400.0,2020年第３四半期
沖縄県,8,31000000,190,住宅,50.0,100.0,2020年第３四半期
沖縄県,7,35000000,85,住宅,60.0,200.0,2020年第３四半期
沖縄県,5,55000000,250,住宅,50.0,150.0,2020年第３四半期
沖縄県,18,36000000,200,住宅,50.0,100.0,2020年第３四半期
沖縄県,14,31000000,75,住宅,60.0,200.0,2020年第４四半期
沖縄県,8,15000000,300,住宅,50.0,100.0,2020年第４四半期
沖縄県,10,22000000,70,住宅,80.0,400.0,2020年第４四半期
沖縄県,15,30000000,75,住宅,60.0,200.0,2020年第４四半期
沖縄県,3,33000000,40,住宅,80.0,400.0,2020年第４四半期
沖縄県,3,36000000,45,住宅,80.0,400.0,2020年第４四半期
沖縄県,9,15000000,260,住宅,60.0,200.0,2020年第４四半期
沖縄県,9,19000000,55,住宅,80.0,400.0,2020年第４四半期
沖縄県,7,20000000,185,住宅,60.0,200.0,2020年第４四半期
沖縄県,5,88000000,100,共同住宅,60.0,200.0,2020年第４四半期
沖縄県,5,23000000,70,住宅,80.0,400.0,2020年第４四半期
沖縄県,9,39000000,70,住宅,80.0,400.0,2020年第４四半期
沖縄県,7,37000000,105,住宅,50.0,100.0,2020年第４四半期
沖縄県,6,130000000,470,住宅,60.0,200.0,2020年第４四半期
沖縄県,20,120000000,520,住宅、共同住宅,50.0,100.0,2020年第４四半期
沖縄県,25,43000000,120,住宅,50.0,100.0,2020年第４四半期
沖縄県,14,17000000,85,住宅,60.0,200.0,2020年第４四半期
沖縄県,5,28000000,115,住宅,60.0,200.0,2020年第４四半期
沖縄県,19,6000000,55,住宅,60.0,200.0,2020年第４四半期
沖縄県,3,43000000,135,住宅,50.0,150.0,2020年第４四半期
沖縄県,25,53000000,170,住宅,50.0,100.0,2020年第４四半期
沖縄県,30分?60分,15000000,195,住宅、共同住宅、店舗,60.0,200.0,2020年第４四半期
沖縄県,10,33000000,60,住宅、店舗,80.0,400.0,2020年第４四半期
沖縄県,29,23000000,70,住宅,80.0,300.0,2020年第４四半期
沖縄県,9,80000000,190,住宅,60.0,200.0,2020年第４四半期
沖縄県,4,40000000,75,住宅,60.0,200.0,2020年第４四半期
沖縄県,6,25000000,70,住宅,60.0,200.0,2020年第４四半期
沖縄県,4,32000000,185,住宅,60.0,200.0,2020年第４四半期
沖縄県,20,15000000,125,住宅,60.0,200.0,2020年第４四半期
沖縄県,18,30000000,70,住宅,60.0,200.0,2020年第４四半期
沖縄県,6,9300000,50,住宅,60.0,200.0,2020年第４四半期
沖縄県,19,65000000,260,住宅、共同住宅,50.0,100.0,2020年第４四半期
沖縄県,4,16000000,50,住宅,80.0,500.0,2020年第４四半期
沖縄県,6,33000000,80,住宅,60.0,200.0,2020年第４四半期
沖縄県,6,28000000,75,住宅,80.0,400.0,2020年第４四半期
沖縄県,6,35000000,120,住宅,50.0,100.0,2020年第４四半期
沖縄県,10,55000000,110,住宅,50.0,100.0,2020年第４四半期
沖縄県,8,11000000,45,住宅,60.0,200.0,2020年第４四半期
沖縄県,11,23000000,100,住宅,50.0,100.0,2020年第４四半期
沖縄県,6,31000000,65,住宅,80.0,400.0,2020年第４四半期
沖縄県,6,37000000,75,住宅,80.0,400.0,2020年第４四半期
沖縄県,9,18000000,150,住宅,50.0,100.0,2020年第４四半期
沖縄県,6,34000000,70,住宅,60.0,200.0,2020年第４四半期
沖縄県,4,30000000,75,住宅,80.0,400.0,2020年第４四半期
沖縄県,19,38000000,95,住宅,60.0,200.0,2021年第１四半期
沖縄県,13,42000000,130,住宅,50.0,100.0,2021年第１四半期
沖縄県,6,46000000,70,住宅,80.0,400.0,2021年第１四半期
沖縄県,12,31000000,65,住宅,60.0,200.0,2021年第１四半期
沖縄県,30分?60分,15000000,70,住宅,60.0,200.0,2021年第１四半期
沖縄県,21,51000000,155,住宅、店舗,60.0,200.0,2021年第１四半期
沖縄県,7,7000000,20,住宅,80.0,300.0,2021年第１四半期
沖縄県,7,40000000,65,住宅,60.0,200.0,2021年第１四半期
沖縄県,3,16000000,60,住宅,80.0,500.0,2021年第１四半期
沖縄県,15,34000000,65,住宅,50.0,100.0,2021年第１四半期
沖縄県,8,51000000,135,住宅,60.0,200.0,2021年第１四半期
沖縄県,16,5600000,20,住宅,60.0,200.0,2021年第１四半期
沖縄県,18,110000000,440,共同住宅,60.0,200.0,2021年第１四半期
沖縄県,6,10000000,60,住宅,80.0,500.0,2021年第１四半期
沖縄県,11,21000000,65,住宅,80.0,200.0,2021年第１四半期
沖縄県,13,4700000,50,住宅,80.0,400.0,2021年第１四半期
沖縄県,4,7000000,60,住宅,80.0,500.0,2021年第１四半期
沖縄県,5,33000000,60,住宅,80.0,400.0,2021年第１四半期
沖縄県,9,240000000,350,共同住宅,60.0,200.0,2021年第１四半期
沖縄県,6,11000000,50,住宅、店舗,60.0,200.0,2021年第１四半期
沖縄県,5,69000000,240,住宅、店舗,80.0,400.0,2021年第１四半期
沖縄県,6,42000000,155,住宅、店舗,60.0,200.0,2021年第１四半期
沖縄県,14,40000000,70,住宅,80.0,400.0,2021年第１四半期
沖縄県,6,58000000,75,住宅,80.0,400.0,2021年第１四半期
沖縄県,8,180000000,620,共同住宅、店舗,60.0,200.0,2021年第１四半期
沖縄県,9,25000000,100,住宅,50.0,100.0,2021年第１四半期
沖縄県,3,26000000,60,住宅,80.0,200.0,2021年第１四半期
沖縄県,10,58000000,165,住宅,60.0,150.0,2021年第１四半期
沖縄県,4,20000000,60,住宅,80.0,200.0,2021年第１四半期
沖縄県,11,55000000,210,住宅,60.0,200.0,2021年第１四半期
沖縄県,4,23000000,45,住宅、店舗,60.0,200.0,2021年第１四半期
沖縄県,5,28000000,75,住宅,80.0,400.0,2021年第１四半期
沖縄県,4,35000000,65,住宅,80.0,400.0,2021年第１四半期
沖縄県,20,22000000,65,住宅,50.0,100.0,2021年第１四半期
沖縄県,28,23000000,80,住宅,60.0,200.0,2021年第１四半期
沖縄県,7,39000000,90,住宅,50.0,100.0,2021年第１四半期
沖縄県,4,30000000,60,住宅,80.0,400.0,2021年第１四半期
沖縄県,8,44000000,135,住宅,50.0,100.0,2021年第１四半期
沖縄県,6,21000000,70,住宅,80.0,400.0,2021年第１四半期
沖縄県,14,24000000,195,住宅,50.0,100.0,2021年第１四半期
沖縄県,11,15000000,60,住宅,40.0,80.0,2021年第１四半期
沖縄県,4,15000000,75,住宅,80.0,400.0,2021年第１四半期
沖縄県,16,32000000,270,住宅,50.0,100.0,2021年第１四半期
沖縄県,18,25000000,130,住宅,60.0,200.0,2021年第１四半期
沖縄県,23,120000000,620,共同住宅、店舗,50.0,100.0,2021年第２四半期
沖縄県,13,29000000,50,住宅,80.0,400.0,2021年第２四半期
沖縄県,2,44000000,110,住宅,60.0,200.0,2021年第２四半期
沖縄県,8,69000000,290,住宅,50.0,150.0,2021年第２四半期
沖縄県,6,15000000,105,共同住宅、事務所、店舗,60.0,200.0,2021年第２四半期
沖縄県,1,40000000,50,住宅,80.0,400.0,2021年第２四半期
沖縄県,4,41000000,80,住宅,80.0,400.0,2021年第２四半期
沖縄県,9,110000000,350,住宅、事務所、その他,60.0,200.0,2021年第２四半期
沖縄県,19,43000000,130,住宅,50.0,100.0,2021年第２四半期
沖縄県,11,31000000,75,住宅,60.0,200.0,2021年第２四半期
沖縄県,20,57000000,175,住宅,60.0,200.0,2021年第２四半期
沖縄県,18,11000000,100,共同住宅、店舗,60.0,200.0,2021年第２四半期
沖縄県,25,85000000,220,住宅,50.0,150.0,2021年第２四半期
沖縄県,12,15000000,65,住宅,60.0,200.0,2021年第２四半期
沖縄県,21,42000000,105,住宅,50.0,100.0,2021年第２四半期
沖縄県,5,40000000,80,住宅,60.0,200.0,2021年第２四半期
沖縄県,8,36000000,40,住宅,80.0,400.0,2021年第２四半期
沖縄県,3,30000000,45,住宅,80.0,400.0,2021年第２四半期
沖縄県,25,46000000,105,住宅,60.0,200.0,2021年第２四半期
沖縄県,13,35000000,280,住宅,50.0,100.0,2021年第２四半期
沖縄県,9,40000000,220,住宅,50.0,100.0,2021年第２四半期
沖縄県,2,15000000,100,住宅,80.0,200.0,2021年第２四半期
沖縄県,8,34000000,100,住宅,50.0,100.0,2021年第２四半期
沖縄県,9,17000000,75,住宅,40.0,80.0,2021年第２四半期
沖縄県,11,2500000,220,住宅,60.0,200.0,2021年第２四半期
沖縄県,15,37000000,85,住宅、共同住宅,60.0,200.0,2021年第２四半期
沖縄県,6,31000000,115,住宅,60.0,200.0,2021年第２四半期
沖縄県,28,6500000,20,住宅,80.0,300.0,2021年第２四半期
沖縄県,7,8300000,20,住宅,80.0,300.0,2021年第２四半期
沖縄県,21,41000000,110,住宅,50.0,100.0,2021年第２四半期
沖縄県,6,12000000,50,住宅,80.0,400.0,2021年第２四半期
沖縄県,2,30000000,200,住宅,50.0,150.0,2021年第２四半期
沖縄県,19,36000000,170,住宅,60.0,200.0,2021年第２四半期
沖縄県,8,41000000,75,住宅,80.0,400.0,2021年第２四半期
沖縄県,8,53000000,70,住宅,80.0,400.0,2021年第２四半期
沖縄県,21,41000000,130,住宅,50.0,100.0,2021年第２四半期
沖縄県,9,59000000,75,住宅,80.0,400.0,2021年第２四半期
沖縄県,9,64000000,80,住宅,80.0,400.0,2021年第３四半期
沖縄県,2,220000000,420,共同住宅,60.0,200.0,2021年第３四半期
沖縄県,7,85000000,95,住宅,80.0,400.0,2021年第３四半期
沖縄県,9,50000000,65,住宅,80.0,400.0,2021年第３四半期
沖縄県,12,56000000,80,住宅,80.0,400.0,2021年第３四半期
沖縄県,10,34000000,75,住宅,60.0,200.0,2021年第３四半期
沖縄県,2,50000000,80,住宅,80.0,400.0,2021年第３四半期
沖縄県,12,33000000,160,住宅,60.0,200.0,2021年第３四半期
沖縄県,25,56000000,330,住宅,60.0,200.0,2021年第３四半期
沖縄県,8,22000000,55,住宅,80.0,400.0,2021年第３四半期
沖縄県,2H?,35000000,100,住宅,60.0,200.0,2021年第３四半期
沖縄県,26,23000000,75,住宅,60.0,200.0,2021年第３四半期
沖縄県,8,37000000,85,住宅,80.0,400.0,2021年第３四半期
沖縄県,6,26000000,90,住宅,80.0,400.0,2021年第３四半期
沖縄県,14,45000000,150,住宅,50.0,100.0,2021年第３四半期
沖縄県,11,250000000,330,住宅、店舗,80.0,400.0,2021年第３四半期
沖縄県,2,51000000,80,住宅,80.0,400.0,2021年第３四半期
沖縄県,11,42000000,105,住宅,60.0,200.0,2021年第３四半期
沖縄県,11,37000000,115,住宅,60.0,200.0,2021年第３四半期
沖縄県,10,47000000,160,住宅,50.0,100.0,2021年第３四半期
沖縄県,11,35000000,125,住宅,60.0,200.0,2021年第３四半期
沖縄県,7,45000000,125,住宅,50.0,100.0,2021年第３四半期
沖縄県,11,37000000,125,住宅,60.0,200.0,2021年第３四半期
沖縄県,4,50000000,170,住宅,60.0,200.0,2021年第３四半期
沖縄県,18,51000000,140,住宅,60.0,200.0,2021年第３四半期
沖縄県,28,42000000,110,住宅,50.0,100.0,2021年第３四半期
沖縄県,18,45000000,240,住宅、倉庫,60.0,200.0,2021年第３四半期
沖縄県,3,38000000,80,住宅,60.0,200.0,2021年第３四半期
沖縄県,1,77000000,90,住宅,80.0,400.0,2021年第３四半期
沖縄県,5,23000000,70,住宅,80.0,400.0,2021年第３四半期
沖縄県,11,33000000,70,住宅,60.0,200.0,2021年第３四半期
沖縄県,9,60000000,85,住宅、店舗,80.0,400.0,2021年第３四半期
沖縄県,19,18000000,155,住宅,50.0,100.0,2021年第３四半期
沖縄県,14,4400000,30,住宅,50.0,150.0,2021年第３四半期
沖縄県,12,44000000,105,住宅,50.0,100.0,2021年第３四半期
沖縄県,8,200000000,250,共同住宅,60.0,200.0,2021年第３四半期
沖縄県,15,12000000,210,住宅,60.0,200.0,2021年第３四半期
沖縄県,10,30000000,125,住宅、店舗,80.0,400.0,2021年第３四半期
沖縄県,12,21000000,55,住宅,60.0,200.0,2021年第４四半期
沖縄県,2,46000000,70,住宅,80.0,400.0,2021年第４四半期
沖縄県,5,6800000,60,住宅,80.0,400.0,2021年第４四半期
沖縄県,6,3500000,60,住宅,60.0,200.0,2021年第４四半期
沖縄県,2,8800000,290,住宅,80.0,400.0,2021年第４四半期
沖縄県,1,34000000,50,住宅,80.0,400.0,2021年第４四半期
沖縄県,8,14000000,60,住宅,60.0,200.0,2021年第４四半期
沖縄県,5,33000000,65,住宅,60.0,200.0,2021年第４四半期
沖縄県,4,22000000,65,住宅,80.0,400.0,2021年第４四半期
沖縄県,4,30000000,65,住宅,80.0,400.0,2021年第４四半期
沖縄県,15,17000000,185,住宅,50.0,100.0,2021年第４四半期
沖縄県,6,240000000,330,共同住宅,80.0,400.0,2021年第４四半期
沖縄県,10,45000000,110,住宅,60.0,200.0,2021年第４四半期
沖縄県,26,47000000,140,住宅,50.0,100.0,2021年第４四半期
沖縄県,18,43000000,230,住宅,50.0,100.0,2021年第４四半期
沖縄県,14,44000000,70,住宅,80.0,300.0,2021年第４四半期
沖縄県,17,36000000,200,住宅,50.0,100.0,2021年第４四半期
沖縄県,15,31000000,70,住宅,60.0,200.0,2021年第４四半期
沖縄県,30分?60分,120000000,480,共同住宅,50.0,100.0,2021年第４四半期
沖縄県,28,57000000,115,住宅,50.0,100.0,2021年第４四半期
沖縄県,12,33000000,50,住宅,80.0,400.0,2021年第４四半期
沖縄県,2,32000000,85,住宅,80.0,200.0,2021年第４四半期
沖縄県,9,25000000,75,住宅,80.0,400.0,2021年第４四半期
沖縄県,5,8000000,50,住宅,60.0,200.0,2021年第４四半期
沖縄県,8,45000000,240,共同住宅,60.0,200.0,2021年第４四半期
沖縄県,15,21000000,70,住宅,60.0,200.0,2021年第４四半期
沖縄県,5,44000000,65,住宅,60.0,200.0,2021年第４四半期
沖縄県,3,31000000,60,住宅,60.0,200.0,2021年第４四半期
沖縄県,10,73000000,160,住宅、共同住宅,60.0,200.0,2021年第４四半期
沖縄県,30分?60分,40000000,390,住宅,50.0,100.0,2021年第４四半期
沖縄県,3,15000000,45,住宅,80.0,400.0,2022年第１四半期
沖縄県,25,43000000,140,住宅,50.0,100.0,2022年第１四半期
沖縄県,12,42000000,120,住宅,60.0,200.0,2022年第１四半期
沖縄県,30分?60分,33000000,80,住宅,60.0,200.0,2022年第１四半期
沖縄県,24,41000000,105,住宅,60.0,200.0,2022年第１四半期
沖縄県,6,110000000,330,共同住宅、店舗,60.0,200.0,2022年第１四半期
沖縄県,9,57000000,80,住宅,80.0,400.0,2022年第１四半期
沖縄県,11,38000000,95,住宅,80.0,400.0,2022年第１四半期
沖縄県,6,36000000,65,住宅,80.0,400.0,2022年第１四半期
沖縄県,6,57000000,60,住宅,60.0,200.0,2022年第１四半期
沖縄県,6,12000000,45,住宅,80.0,400.0,2022年第１四半期
沖縄県,9,46000000,120,住宅,50.0,100.0,2022年第１四半期
沖縄県,2,40000000,90,住宅、店舗,80.0,400.0,2022年第１四半期
沖縄県,12,43000000,130,住宅,60.0,200.0,2022年第１四半期
沖縄県,8,25000000,60,住宅,80.0,400.0,2022年第１四半期
沖縄県,9,45000000,115,住宅,50.0,100.0,2022年第１四半期
沖縄県,5,25000000,85,住宅,60.0,200.0,2022年第１四半期
沖縄県,7,17000000,55,住宅,60.0,200.0,2022年第１四半期
沖縄県,10,47000000,115,住宅,50.0,100.0,2022年第１四半期
沖縄県,2H?,29000000,85,住宅,60.0,200.0,2022年第１四半期
沖縄県,12,37000000,70,住宅,60.0,200.0,2022年第１四半期
沖縄県,9,60000000,155,住宅,60.0,200.0,2022年第１四半期
沖縄県,14,33000000,140,住宅,50.0,100.0,2022年第１四半期
沖縄県,9,43000000,85,住宅,60.0,200.0,2022年第１四半期
沖縄県,9,78000000,370,住宅,60.0,200.0,2022年第１四半期
沖縄県,18,30000000,70,住宅,60.0,200.0,2022年第１四半期
沖縄県,9,9500000,50,住宅,50.0,100.0,2022年第１四半期
沖縄県,8,30000000,105,住宅,60.0,200.0,2022年第１四半期
沖縄県,6,53000000,70,住宅,80.0,400.0,2022年第１四半期
沖縄県,9,45000000,80,住宅,60.0,200.0,2022年第１四半期
沖縄県,6,40000000,160,住宅、共同住宅,60.0,200.0,2022年第１四半期
沖縄県,3,58000000,80,住宅,60.0,200.0,2022年第２四半期
沖縄県,14,31000000,135,共同住宅,60.0,200.0,2022年第２四半期
沖縄県,7,80000000,210,住宅,60.0,200.0,2022年第２四半期
沖縄県,1,15000000,40,住宅、店舗,80.0,200.0,2022年第２四半期
沖縄県,30分?60分,48000000,110,住宅,50.0,100.0,2022年第２四半期
沖縄県,8,45000000,100,住宅,60.0,200.0,2022年第２四半期
沖縄県,9,44000000,120,住宅,50.0,100.0,2022年第２四半期
沖縄県,2,50000000,390,住宅,60.0,200.0,2022年第２四半期
沖縄県,30分?60分,35000000,75,住宅,60.0,200.0,2022年第２四半期
沖縄県,10,230000000,1100,共同住宅、事務所、店舗,60.0,200.0,2022年第２四半期
沖縄県,7,23000000,55,住宅,60.0,200.0,2022年第２四半期
沖縄県,11,39000000,70,住宅,60.0,200.0,2022年第２四半期
沖縄県,18,33000000,150,住宅,50.0,100.0,2022年第２四半期
沖縄県,7,19000000,60,住宅,80.0,400.0,2022年第２四半期
沖縄県,7,31000000,70,住宅,80.0,400.0,2022年第２四半期
沖縄県,6,19000000,200,住宅,60.0,200.0,2022年第２四半期
沖縄県,20,29000000,80,住宅,60.0,200.0,2022年第２四半期
沖縄県,16,41000000,135,住宅,60.0,200.0,2022年第２四半期
沖縄県,23,53000000,230,共同住宅,60.0,200.0,2022年第２四半期
沖縄県,16,35000000,130,住宅,60.0,200.0,2022年第２四半期
沖縄県,6,7000000,40,住宅,80.0,400.0,2022年第２四半期
沖縄県,24,42000000,100,住宅,60.0,200.0,2022年第２四半期
沖縄県,6,20000000,105,住宅,80.0,400.0,2022年第２四半期
沖縄県,6,38000000,75,住宅,80.0,400.0,2022年第２四半期
沖縄県,16,20000000,65,住宅,60.0,200.0,2022年第３四半期
沖縄県,16,12000000,60,住宅,60.0,200.0,2022年第３四半期
沖縄県,21,46000000,70,住宅,50.0,150.0,2022年第３四半期
沖縄県,13,35000000,65,住宅,80.0,400.0,2022年第３四半期
沖縄県,2,2000000,35,住宅、店舗,60.0,200.0,2022年第３四半期
沖縄県,9,59000000,80,住宅,80.0,400.0,2022年第３四半期
沖縄県,16,30000000,75,住宅,60.0,200.0,2022年第３四半期
